0.38100,-0.0516,-0.0044,0.0418,0.1170,-0.1974,0.9567

0.38700,0.0032,0.0024,0.0342,0.1065,-0.2011,0.9452

0.39200,0.0161,0.0079,0.0104,0.1134,-0.2143,0.9523

0.39800,0.0560,0.0185,0.0221,0.1004,-0.1898,0.9430

0.40400,0.0133,0.0025,0.0177,0.0875,-0.1876,0.9660

0.41000,-0.0903,0.0036,0.0135,0.0975,-0.1998,0.9802

0.41500,-0.1003,-0.0107,0.0080,0.0767,-0.2033,0.9694

0.42100,-0.0578,0.0073,0.0051,0.1026,-0.2057,0.9516

0.42700,0.0004,0.0056,-0.0016,0.0887,-0.2025,0.9438

0.43200,0.0366,0.0165,-0.0099,0.0948,-0.1969,0.9518

0.43800,0.0352,0.0177,-0.0100,0.0985,-0.1984,0.9631

0.44400,0.0085,0.0117,-0.0096,0.0931,-0.1857,0.9606

0.44900,-0.0147,0.0061,-0.0159,0.0975,-0.1910,0.9762

0.45500,-0.0117,0.0081,-0.0153,0.1073,-0.1947,0.9574

0.46100,0.0109,0.0087,-0.0208,0.1026,-0.1935,0.9516

0.46700,0.0337,0.0087,-0.0220,0.0994,-0.1998,0.9584

0.47200,0.0326,0.0096,-0.0237,0.0965,-0.1930,0.9657

0.47800,0.0152,0.0033,-0.0216,0.1024,-0.1984,0.9667

0.48400,-0.0226,0.0108,-0.0685,0.0244,-0.2411,0.9631

0.48900,0.0172,0.0203,-0.0626,0.1080,-0.1947,0.9574

0.49500,0.0489,0.0222,-0.0477,0.1246,-0.1903,0.9530

0.50100,0.0386,0.0284,-0.0350,0.1158,-0.1930,0.9631

0.50600,-0.0025,0.0139,-0.0236,0.1099,-0.1910,0.9565

0.51200,-0.0309,0.0117,-0.0197,0.1070,-0.1969,0.9660

0.51800,-0.0257,0.0168,-0.0125,0.1075,-0.1884,0.9655

0.52400,-0.0044,0.0156,-0.0140,0.1063,-0.1964,0.9582

0.52900,0.0043,0.0192,-0.0151,0.1011,-0.2042,0.9565

0.53500,0.0009,0.0177,-0.0117,0.0982,-0.1964,0.9547

0.54100,-0.0011,0.0183,-0.0140,0.0997,-0.1989,0.9606

0.54600,0.0043,0.0181,-0.0121,0.1046,-0.2003,0.9665

0.55200,0.0128,0.0173,-0.0151,0.1063,-0.2011,0.9562

0.55800,0.0205,0.0246,-0.0108,0.1004,-0.1991,0.9572

0.56300,0.0200,0.0284,-0.0136,0.1053,-0.1937,0.9626

0.56900,0.0302,0.0268,-0.0116,0.1735,-0.1837,0.9526

0.57500,0.0115,0.0218,-0.0238,0.1053,-0.1998,0.9635

0.58000,0.0080,0.0159,-0.0277,0.0909,-0.1950,0.9623

0.58600,0.0109,0.0189,-0.0310,0.0992,-0.2006,0.9711

0.59200,0.0298,0.0207,-0.0313,0.0999,-0.1957,0.9565

0.59800,0.0508,0.0273,-0.0433,0.0982,-0.1981,0.9665

0.60300,0.0534,0.0297,-0.0618,0.0948,-0.2047,0.9699

0.60900,0.0373,0.0007,-0.0594,0.1126,-0.1764,0.9736

0.61500,-0.0241,-0.0092,-0.0659,0.0994,-0.1869,0.9692

0.62000,-0.0707,0.0099,-0.0738,0.0982,-0.1984,0.9687

0.62600,-0.0049,0.0234,-0.0642,0.0904,-0.1976,0.9484

0.63200,0.0663,0.0341,-0.0629,0.0892,-0.1986,0.9474

0.63700,0.0791,0.0324,-0.0699,0.0882,-0.1986,0.9591

0.64300,0.0358,0.0309,-0.0506,0.1212,-0.1867,0.9665

0.64900,0.0060,0.0177,-0.0556,0.1148,-0.1837,0.9806

0.65500,-0.0056,0.0212,-0.0424,0.1207,-0.1881,0.9721

0.66000,0.0057,0.0253,-0.0385,0.1075,-0.2020,0.9660

0.66600,0.0133,0.0181,-0.0489,0.1080,-0.1969,0.9621

0.67200,0.0205,0.0144,-0.0500,0.1124,-0.1967,0.9621

0.67700,0.0655,0.0205,-0.0408,0.1070,-0.1984,0.9626

0.68300,0.0770,0.0282,-0.0358,0.1131,-0.1950,0.9631

0.68900,0.0345,0.0188,-0.0264,0.1163,-0.2011,0.9628

0.69400,-0.0160,0.0124,-0.0179,0.1112,-0.1903,0.9721

0.70000,-0.0334,0.0143,-0.0159,0.0972,-0.1920,0.9648

0.70600,-0.0125,0.0153,-0.0144,0.0970,-0.1962,0.9591

0.71200,0.0258,0.0298,-0.0144,0.0980,-0.1947,0.9540

0.71700,0.1114,0.0148,0.0027,0.1165,-0.1940,0.9291

0.72300,0.0574,0.0192,-0.0056,0.0943,-0.1950,0.9611

0.72900,-0.0200,0.0124,-0.0055,0.0923,-0.2084,0.9755

0.73400,-0.0290,0.0096,-0.0081,0.1234,-0.1859,0.9697

0.74000,-0.0048,0.0088,-0.0171,0.1092,-0.1896,0.9577

0.74600,0.0449,0.0172,-0.0386,0.1073,-0.1935,0.9540

0.75100,0.1108,0.0333,-0.0570,0.1112,-0.1896,0.9523

0.75700,0.1343,0.0480,-0.0474,0.1046,-0.1891,0.9555

0.76300,0.0839,0.0438,-0.0147,0.0967,-0.1891,0.9767

0.76900,-0.0012,0.0147,-0.0019,0.1043,-0.1842,0.9885

0.77400,-0.0695,-0.0188,0.0183,0.1016,-0.1805,0.9574

0.78000,-0.1144,-0.0031,0.0390,0.1112,-0.1842,0.9726

0.78600,-0.1099,-0.0084,0.0508,0.1060,-0.1871,0.9640

0.79100,-0.0581,-0.0063,0.0400,0.1082,-0.1940,0.9538

0.79700,-0.0177,0.0004,0.0466,0.1241,-0.1957,0.9535

0.80300,-0.0296,0.0024,0.0554,0.1116,-0.1935,0.9662

0.80800,-0.0861,-0.0053,0.0774,0.1158,-0.1930,0.9579

0.81400,-0.1703,-0.0168,0.1011,0.1163,-0.1862,0.9697

0.82000,-0.2002,-0.0244,0.0961,0.0880,-0.1930,0.9640

0.82600,-0.1927,-0.0201,0.0705,0.1168,-0.2052,0.9613

0.83100,-0.0858,-0.0088,0.0289,0.1026,-0.2064,0.9376

0.83700,0.0562,0.0212,-0.0127,0.1065,-0.2096,0.9245

0.84300,0.1821,0.0486,-0.0226,0.0855,-0.2235,0.9450

0.84800,0.1494,0.0366,-0.0456,0.0965,-0.2062,0.9526

0.85400,0.0548,0.0289,-0.0628,0.1160,-0.1923,0.9721

0.86000,-0.0731,0.0161,-0.0791,0.1153,-0.1996,0.9711

0.86500,-0.0755,0.0242,-0.0597,0.0906,-0.1915,0.9714

0.87100,-0.0366,0.0244,-0.0494,0.0967,-0.1879,0.9611

0.87700,-0.0201,0.0280,-0.0582,0.1146,-0.2003,0.9613

0.88300,-0.0044,0.0302,-0.0581,0.0950,-0.1969,0.9650

0.88800,-0.0336,0.0229,-0.0445,0.1021,-0.1923,0.9726

0.89400,-0.0814,0.0220,-0.0496,0.0992,-0.2101,0.9682

0.90000,-0.1183,0.0105,-0.0663,0.1239,-0.2099,0.9699

0.90500,-0.0671,0.0137,-0.0895,0.0989,-0.1994,0.9606

0.91100,0.0229,0.0192,-0.1412,0.1234,-0.2235,0.9460

0.91700,0.1459,0.0489,-0.2040,0.1485,-0.2199,0.9416

0.92200,0.2623,0.0596,-0.2173,0.1253,-0.2069,0.9262

0.92800,0.3095,0.0741,-0.2377,0.0889,-0.2172,0.9611

0.93400,0.3456,0.0673,-0.1348,0.0821,-0.1388,0.9719

0.94000,0.0542,0.1042,-0.1244,0.0826,-0.1825,1.0224

0.94500,-0.1359,-0.0378,0.0112,-0.3547,-0.1820,0.9467

0.95100,-0.6873,-0.1432,0.2109,0.1505,-0.1178,1.0090

0.95700,-2.4142,0.0957,0.2210,-0.0977,-0.2431,1.2052

0.96200,-2.4857,-0.3408,-0.1439,0.1368,-0.2900,1.1363

0.96800,0.1749,0.0019,-0.2220,0.1986,-0.1029,0.5204

0.97400,2.6661,0.2642,-0.4395,0.0665,-0.3801,0.5504

0.97900,3.5639,0.5027,-0.4273,0.1090,-0.2812,0.6858

0.98500,2.0652,0.4758,-0.2875,0.0537,-0.1766,1.1299

0.99100,-0.0801,0.0690,-0.2114,0.1779,-0.0552,1.3706

0.99700,-1.0040,-0.2025,0.0636,0.2553,0.1505,1.2091

1.00200,-1.3805,-0.0593,0.2469,0.1906,-0.1295,0.9530

1.00800,-0.7705,-0.0874,0.1119,0.2382,-0.1451,0.8135

1.01400,0.0445,0.0292,0.0488,0.1207,-0.2553,0.8135

1.01900,0.1214,0.0272,-0.0196,-0.0633,-0.3125,0.9406

1.02500,-0.3497,-0.1724,0.3660,0.1273,-0.1427,1.0559

1.03100,-1.5537,-0.1651,0.3412,0.1053,-0.1222,1.1739

1.03600,-2.4026,-0.2517,0.3641,0.1109,-0.1432,1.0884

1.04200,-2.5250,-0.2749,0.3198,0.0955,-0.2018,0.9640

1.04800,-1.3015,-0.1171,0.0340,0.1422,-0.3753,0.8316

1.05400,0.5872,0.0485,-0.0490,0.1295,-0.3660,0.5411

1.05900,1.8219,0.2843,-0.2124,0.1595,-0.3889,0.7444

1.06500,1.6280,0.2641,-0.1863,0.1031,-0.2245,0.9513

1.07100,0.4716,0.0645,-0.0959,0.1151,-0.1434,1.1341

1.07600,-0.5873,-0.0524,0.0362,0.1202,-0.0814,1.1575

1.08200,-0.9317,-0.1140,0.0671,0.1498,-0.1874,1.0307

1.08800,-0.4632,-0.0618,0.0277,0.0838,-0.2399,0.8856

1.09300,-0.0276,-0.0456,0.1055,0.1029,-0.2565,0.8695

1.09900,0.0998,0.0048,-0.0266,0.0684,-0.2587,0.9613

1.10500,0.1899,0.0261,-0.0414,0.1165,-0.2228,0.9262

1.11100,0.0723,0.0204,-0.0117,0.0994,-0.2157,0.9672

1.11600,-0.1144,-0.0069,-0.0163,0.1058,-0.2030,0.9958

1.12200,-0.0512,0.0047,-0.0230,0.1082,-0.2235,0.9447

1.12800,0.1444,0.0224,-0.0356,0.1085,-0.2382,0.9223

1.13300,0.2144,0.0344,-0.0382,0.1087,-0.2279,0.9347

1.13900,0.1268,0.0277,-0.0304,0.1099,-0.2174,0.9679

1.14500,0.0073,0.0168,-0.0245,0.1016,-0.2091,0.9809

1.15000,-0.0238,0.0141,-0.0160,0.1116,-0.2143,0.9672

1.15600,-0.0120,0.0092,-0.0179,0.1090,-0.2165,0.9513

1.16200,0.0183,0.0157,-0.0169,0.1116,-0.2255,0.9613

1.16700,0.0457,0.0172,-0.0220,0.1053,-0.2209,0.9484

1.17300,0.0829,0.0393,-0.0254,0.1092,-0.2194,0.9479

1.17900,0.1446,0.0183,-0.1771,0.2106,-0.3196,0.9149

1.18500,0.4157,0.0862,-0.1424,0.1097,-0.2216,0.9386

1.19000,0.4187,0.0814,-0.1275,0.1011,-0.2072,0.9425

1.19600,0.0560,0.0878,-0.2306,0.2118,-0.2590,1.0029

1.20200,-0.1528,0.0677,-0.2673,0.1698,-0.2309,1.0119

1.20700,-0.1535,0.0753,-0.3540,0.1412,-0.2228,0.9345

1.21300,0.0175,0.1364,-0.4414,0.1505,-0.1852,0.9357

1.21900,0.1487,0.1664,-0.5276,0.1380,-0.2717,0.9110

1.22400,0.4551,0.1841,-0.4398,0.0484,-0.2343,0.9164

1.23000,0.6217,0.2650,-0.2322,0.0173,-0.1908,0.9550

1.23600,0.3412,0.1124,-0.2384,0.1077,-0.2309,1.0925

1.24200,0.0581,0.0241,-0.1504,0.0755,-0.1737,0.9748

1.24700,-0.0281,0.0270,-0.0991,0.0897,-0.1854,0.9907

1.25300,-0.0249,0.0097,-0.0602,0.0716,-0.2235,0.9665

1.25900,0.0272,0.0218,-0.0226,0.0442,-0.2194,0.9606

1.26400,0.0402,0.0278,-0.0180,0.0867,-0.2130,0.9633

1.27000,0.0061,0.0145,-0.0221,0.0982,-0.2038,0.9635

1.27600,-0.0341,0.0052,-0.0220,0.0953,-0.2062,0.9723

1.28100,-0.0593,-0.0017,-0.0244,0.0999,-0.2069,0.9584

1.28700,-0.0558,0.0011,-0.0220,0.1080,-0.2040,0.9640

1.29300,-0.0316,0.0103,-0.0200,0.1026,-0.2121,0.9555

1.29900,-0.0036,0.0184,-0.0187,0.0985,-0.2035,0.9538

1.30400,-0.0350,0.0121,-0.0104,0.1055,-0.2028,0.9716

1.31000,-0.1386,-0.0124,0.0128,-0.0061,-0.2003,0.9885

1.31600,-0.1051,-0.0191,-0.0197,0.1175,-0.2050,0.9628

1.32100,0.1775,0.0333,-0.0354,0.1170,-0.2240,0.9139

1.32700,0.4886,0.0624,-0.0580,0.1087,-0.2296,0.9034

1.33300,0.5009,0.1210,-0.0512,0.0977,-0.2133,0.9350

1.33800,0.0762,0.0250,-0.0340,0.1373,-0.1551,1.0444

1.34400,-0.2797,-0.0500,-0.0191,0.1087,-0.1769,1.0327

1.35000,-0.2370,-0.0333,-0.0242,0.0884,-0.2108,0.9679

1.35600,0.0033,0.0083,-0.0129,0.1063,-0.2008,0.9193

1.36100,0.0889,0.0317,-0.0075,0.1314,-0.2125,0.9362

1.36700,0.0625,0.0244,-0.0163,0.0887,-0.2016,0.9631

1.37300,-0.0528,0.0044,-0.0188,0.1126,-0.1896,0.9885

1.37800,-0.0949,0.0269,-0.0218,0.0941,-0.1852,0.9748

1.38400,-0.0117,0.0135,-0.0719,0.0867,-0.2211,0.9347

1.39000,-0.0266,0.0167,-0.0428,0.1500,-0.1522,0.9269

1.39500,0.0152,0.0584,-0.0326,0.0435,-0.2040,0.9462

1.40100,0.0781,0.0509,-0.0197,0.0992,-0.2067,0.9381

1.40700,0.0308,0.0216,-0.0133,0.1026,-0.1967,0.9599

1.41300,-0.0326,0.0124,-0.0164,0.0987,-0.1972,0.9762

1.41800,-0.0404,0.0028,-0.0135,0.1124,-0.2018,0.9655

1.42400,-0.0252,-0.0013,-0.0119,0.1048,-0.1976,0.9538

1.43000,0.0012,0.0081,-0.0189,0.1143,-0.2084,0.9560

1.43500,0.0469,0.0209,-0.0164,0.1051,-0.2086,0.9516

1.44100,0.0601,0.0305,-0.0125,0.1007,-0.2028,0.9552

1.44700,0.0334,0.0207,-0.0171,0.1026,-0.1989,0.9604

1.45200,0.0135,0.0184,-0.0153,0.0909,-0.2064,0.9613

1.45800,0.0060,0.0189,-0.0152,0.1002,-0.2033,0.9648

1.46400,0.0043,0.0242,-0.0135,0.0955,-0.1986,0.9631

1.47000,0.0017,0.0265,-0.0113,0.1068,-0.2023,0.9633

1.47500,0.0000,0.0241,-0.0132,0.1058,-0.2033,0.9591

1.48100,0.0012,0.0236,-0.0107,0.1051,-0.2008,0.9591

1.48700,0.0037,0.0238,-0.0131,0.1060,-0.1986,0.9606

1.49200,0.0213,0.0229,-0.0164,0.1048,-0.1964,0.9584

1.49800,0.0534,0.0322,-0.0147,0.1082,-0.1957,0.9579

1.50400,0.0655,0.0341,-0.0183,0.1021,-0.2030,0.9591

1.50900,0.0597,0.0374,-0.0197,0.0985,-0.1950,0.9599

1.51500,0.0470,0.0461,-0.0242,0.1002,-0.1976,0.9650

1.52100,0.0682,-0.0216,-0.0045,-0.0183,-0.3450,0.8470

1.52700,0.0171,0.0374,-0.0485,0.1124,-0.2030,0.9665

1.53200,-0.0123,0.0281,-0.0452,0.1097,-0.1827,0.9699

1.53800,-0.0053,0.0184,-0.0185,0.1116,-0.1942,0.9655

1.54400,0.0277,0.0456,-0.0474,0.1031,-0.2025,0.9530

1.54900,0.0129,0.0197,-0.0160,0.1163,-0.1925,0.9714

1.55500,0.0164,0.0180,-0.0224,0.1073,-0.1957,0.9591

1.56100,-0.0225,0.0665,-0.0655,0.0943,-0.2067,0.9623

1.56600,-0.0425,0.0041,-0.0444,0.1029,-0.2018,0.9631

1.57200,-0.0492,0.0028,-0.0462,0.1146,-0.1974,0.9628

1.57800,-0.0476,0.0124,-0.0424,0.0997,-0.1967,0.9584

1.58400,-0.0216,0.0139,-0.0364,0.1009,-0.1996,0.9543

1.58900,0.0229,0.0297,-0.0433,0.1016,-0.2040,0.9528

1.59500,0.0290,0.0420,-0.0498,0.1029,-0.1932,0.9565

1.60100,0.0065,0.0250,-0.0285,0.0994,-0.1881,0.9594

1.60600,0.0023,0.0325,-0.0324,0.1007,-0.2067,0.9528

1.61200,-0.0107,0.0187,-0.0241,0.1097,-0.2013,0.9650

1.61800,0.0260,0.0270,-0.0222,0.0955,-0.2023,0.9484

1.62300,0.0674,0.0458,-0.0344,0.0941,-0.2057,0.9447

1.62900,0.0658,0.0389,-0.0216,0.0985,-0.1976,0.9587

1.63500,0.0550,0.0336,-0.0144,0.1058,-0.2020,0.9582

1.64000,0.0564,0.0326,-0.0157,0.0977,-0.1986,0.9609

1.64600,0.0662,0.0436,-0.0318,0.0892,-0.2113,0.9457

1.65200,0.0865,0.0313,-0.0155,0.1009,-0.2003,0.9494

1.65800,0.1019,0.0550,-0.0492,0.0831,-0.2228,0.9472

1.66300,0.1491,0.0252,-0.0212,0.0880,-0.2194,0.9362

1.66900,0.1323,0.1015,-0.0753,0.0880,-0.1986,0.9518

1.67500,0.0747,0.0589,-0.0341,0.1070,-0.1813,0.9753

1.68000,0.0634,0.0301,-0.0473,0.1226,-0.1761,0.9460

1.68600,0.0638,0.0885,-0.1025,0.1148,-0.1998,0.9662

1.69200,0.3230,0.0998,-0.0677,0.1346,-0.1888,0.8964

1.69700,0.2798,0.1002,-0.0754,0.1322,-0.1942,0.9311

1.70300,0.2189,0.0823,-0.0637,0.1478,-0.1319,0.9863

1.70900,0.0899,0.0092,0.0083,0.1368,-0.1175,1.0021

1.71500,-0.0144,0.0095,0.0164,0.1478,-0.1402,0.9943

1.72000,0.0652,-0.0161,0.0761,0.1446,-0.1366,0.9560

1.72600,0.1092,0.0143,0.0694,0.0821,-0.1786,0.9733

1.73200,-0.0277,-0.0040,-0.0148,0.0635,-0.3039,0.9518

1.73700,0.0281,-0.0081,-0.0400,0.1832,-0.2558,0.9152

1.74300,0.1559,0.0525,-0.0759,0.1432,-0.1879,0.9469

1.74900,0.1887,0.0644,-0.1194,0.1019,-0.1862,0.9281

1.75400,0.1899,0.0609,-0.1735,0.1173,-0.1669,0.9633

1.76000,0.1338,0.0592,-0.1624,0.1300,-0.1652,0.9547

1.76600,0.0308,0.0253,-0.1765,0.0799,-0.1730,0.9870

1.77200,0.0079,0.0300,-0.1683,0.0188,-0.2487,0.9985

1.77700,0.0457,0.0548,-0.2018,0.0303,-0.2438,0.9442

1.78300,0.0997,0.0630,-0.1664,0.0376,-0.2238,0.9738

1.78900,0.1383,0.0947,-0.1661,0.0821,-0.2030,0.9484

1.79400,0.1553,0.1198,-0.1860,0.0344,-0.2304,0.9562

1.80000,0.1811,0.0505,-0.1192,0.0374,-0.2001,0.9799

1.80600,0.2807,0.1709,-0.2549,0.1586,-0.2089,0.9232

1.81100,0.2382,0.1431,-0.2655,0.1234,-0.1522,0.9547

1.81700,0.0731,0.0422,-0.2729,0.0972,-0.2118,0.9733

1.82300,0.1482,0.1452,-0.4024,0.2670,-0.2621,0.8719

1.82900,0.2935,0.2140,-0.4318,0.1253,-0.0105,0.9794

1.83400,0.2771,0.1673,-0.6047,0.1336,-0.1295,0.9188

1.84000,0.4129,0.1601,-0.5774,0.1241,-0.0340,0.8592

1.84600,0.5830,0.3176,-0.5309,0.2184,-0.0176,1.0041

1.85100,0.3914,0.1913,-0.4970,0.1444,-0.0689,1.0210

1.85700,0.2702,0.0481,-0.2437,0.1634,-0.0408,0.9855

1.86300,0.3052,0.1115,-0.1398,0.0941,0.0936,1.0183

1.86800,0.3762,0.0282,0.2446,0.1085,0.1517,1.0236

1.87400,0.0653,-0.0578,0.2714,0.0755,0.0941,1.0124

1.88000,-0.1887,-0.0257,0.2092,0.1077,-0.2152,1.1026

1.88600,-0.0109,-0.0827,0.3050,0.0513,-0.1717,0.9396

1.89100,0.1419,-0.0009,0.2249,0.0359,-0.1747,0.8805

1.89700,0.2659,0.0000,0.2014,0.0230,-0.2018,0.9584

1.90300,0.2797,-0.0930,0.2313,0.0147,-0.2020,0.9330

1.90800,-0.0946,0.0693,-0.0706,0.0415,-0.3235,1.0437

1.91400,-0.0488,0.0145,-0.2710,0.0222,-0.3220,0.8951

1.92000,0.2691,0.1264,-0.3273,0.1231,-0.1202,0.9149

1.92500,0.5205,0.2078,-0.3695,0.0787,-0.0237,0.9113

1.93100,0.2918,0.0472,-0.4366,0.1077,-0.0200,1.0341

1.93700,-0.0369,0.0742,-0.6490,0.1368,-0.0476,1.0789

1.94300,-0.2393,0.2364,-0.8781,0.0963,-0.1410,0.9535

1.94800,-0.3014,0.4092,-0.9081,0.1925,0.0748,1.0263

1.95400,-0.0755,0.2737,-0.8275,0.1483,-0.0376,0.9276

1.96000,-0.1923,0.1515,-0.6779,0.1305,0.0970,1.0337

1.96500,-0.4125,0.2306,-0.7230,0.0591,0.0073,1.0263

1.97100,0.0356,0.1561,-0.5400,0.0994,0.2016,0.9890

1.97700,0.4447,0.0861,-0.3090,-0.0225,0.2526,0.9987

1.98300,1.0838,0.0224,-0.1380,0.0552,0.2460,1.0725

1.98800,1.0886,-0.1941,0.1767,0.0332,0.2204,0.9357

1.99400,0.6833,0.0270,0.3277,0.0161,0.1397,1.0451

2.00000,-0.0516,-0.1925,0.2499,0.0936,-0.0259,1.1795

2.00500,-0.6716,-0.1348,-0.0735,0.0237,-0.1923,1.1272

2.01100,-0.3463,-0.0165,-0.2085,0.0418,-0.2138,0.7955

2.01700,0.1164,0.0318,-0.6097,0.0858,-0.3171,0.8998

2.02200,0.4764,0.1438,-0.5109,-0.0337,-0.1493,1.0300

2.02800,0.4875,0.1038,-0.4096,-0.0176,-0.0892,0.9213

2.03400,0.4780,0.0400,-0.3412,-0.0450,-0.0173,1.0464

2.04000,0.4830,0.0281,-0.4295,0.0300,0.1014,1.0092

2.04500,1.4286,0.1518,-0.0978,0.0029,0.2695,0.9420

2.05100,1.7469,0.2141,0.0781,0.0523,0.1246,0.9120

2.05700,1.6188,0.1136,0.2663,0.0396,0.0098,1.0967

2.06200,1.3640,-0.1258,0.3329,-0.0022,0.0564,1.0486

2.06800,0.8212,0.2822,0.5415,0.0430,0.0205,1.0789

2.07400,0.6463,0.4338,0.6951,0.0381,0.0718,0.9938

2.07900,0.2108,0.3131,0.7685,0.0076,-0.0059,1.0224

2.08500,-0.2944,0.1414,0.8142,-0.0073,-0.0628,1.1255

2.09100,-0.5135,0.1695,0.8649,0.0318,-0.0156,0.9557

2.09700,0.0340,0.1528,0.7297,0.0410,-0.1136,0.9196

2.10200,-0.3039,0.2242,0.5137,0.0320,-0.3029,1.0305

2.10800,0.0762,0.3344,0.3010,0.0677,-0.1713,0.8641

2.11400,0.5002,0.4402,0.0604,0.0491,-0.1590,0.8302

2.11900,1.2470,0.5412,-0.0762,0.1038,-0.1114,0.9066

2.12500,1.1403,0.6534,-0.2188,0.1002,-0.1620,1.0109

2.13100,0.9578,0.6738,-0.3344,0.0608,-0.0843,1.0312

2.13600,1.1074,0.6558,-0.3524,0.0743,0.0638,1.0217

2.14200,0.9509,0.7819,-0.3163,0.0694,0.0660,1.0166

2.14800,1.9433,0.5165,-0.3467,0.0288,0.0921,0.8465

2.15400,2.6440,0.9316,-0.1067,0.1634,0.3056,0.7510

2.15900,2.7568,1.0249,0.2970,0.1239,0.3591,0.9892

2.16500,1.3241,0.8828,0.5963,0.1305,0.3882,1.1219

2.17100,0.4270,0.7413,0.9185,0.0476,0.4620,1.2567

2.17600,-0.4559,0.7753,1.3235,0.0899,0.3599,1.2210

2.18200,-0.6768,0.7790,1.6172,0.0801,0.3479,0.9650

2.18800,-0.6498,0.5584,1.6298,0.0276,0.0374,1.0881

2.19300,-0.2614,0.3280,1.6108,-0.0310,0.1014,0.7847

2.19900,-0.2197,0.2109,1.3346,0.0024,-0.1571,0.9897

2.20500,0.6205,0.1951,1.0810,0.0826,-0.2895,0.9816

2.21000,0.9018,0.1188,0.8187,0.0557,-0.2050,0.8802

2.21600,1.0272,0.2145,0.5922,0.0344,-0.1524,1.0065

2.22200,0.0706,-0.0517,0.4415,-0.0562,-0.1368,1.2198

2.22800,0.2591,-0.0529,0.2818,0.0537,-0.1136,1.0737

2.23300,-0.1811,-0.0879,0.0188,-0.0086,-0.1835,0.9489

2.23900,0.1524,0.0524,-0.0364,-0.0232,-0.1527,1.0561

2.24500,-0.4016,-0.0252,-0.0369,-0.0533,-0.0296,1.1055

2.25000,0.2138,-0.0548,0.0045,0.0435,-0.0960,1.1824

2.25600,0.1322,-0.1815,0.1378,0.0388,0.0623,1.1714

2.26200,-0.1757,-0.0384,0.2622,0.0293,0.0533,0.9606

2.26800,-0.0901,-0.0172,0.3756,-0.0056,0.0730,1.0236

2.27300,0.2389,-0.1095,0.4281,-0.0120,0.1146,0.8763

2.27900,-0.2662,0.0258,0.4582,-0.1258,0.0906,0.7644

2.28500,0.0207,-0.1096,0.5841,-0.0848,0.0547,1.0933

2.29000,0.0258,-0.2822,0.6522,-0.0694,0.0850,0.7525

2.29600,-0.0246,-0.2639,0.7580,0.0178,-0.1158,1.0229

2.30200,0.0766,-0.4262,0.6819,-0.0247,-0.1407,0.9345

2.30800,-0.0088,-0.6174,0.5100,0.0139,-0.3415,1.2968

2.31300,0.2296,-0.9036,0.3437,-0.0454,-0.1129,0.9811

2.31900,0.0983,-0.8640,0.1460,0.0086,-0.1972,0.7564

2.32500,-0.1071,-0.9651,-0.0365,0.0613,-0.1815,1.0586

2.33000,0.0921,-1.1305,-0.4979,0.1011,-0.3325,1.1189

2.33600,0.0012,-0.7941,-0.9426,-0.2455,-0.4600,0.9726

2.34200,-0.0241,-0.7806,-1.3291,0.0596,-0.3894,1.0261

2.34800,-0.3551,-0.6724,-1.4544,0.0506,-0.1339,1.0666

2.35300,-3.0494,-0.7522,-1.5902,0.0247,0.0305,0.8673

2.35900,-0.3997,-0.0088,-1.5347,-0.4588,0.7092,-0.2062

2.36500,0.0226,-0.6302,-1.0163,-0.7901,0.2817,1.0955

2.37000,1.0281,0.1799,-1.0283,-0.0081,0.3176,0.8917

2.37600,0.0179,0.2128,-0.3765,0.2353,0.5612,1.3508

2.38200,-0.1484,0.2236,0.1110,0.0638,0.3230,0.6117

2.38700,0.0175,0.1322,0.2497,-0.0682,0.1417,1.2975

2.39300,-0.2529,0.0541,0.0790,0.0765,0.1102,0.1278

2.39900,0.6275,0.5395,-0.3704,-0.3584,-0.7693,1.4407

2.40500,-0.1777,-0.4158,-0.6797,0.1715,-0.3775,0.1647

2.41000,-0.0245,-0.0345,-0.8452,-0.2560,0.2653,-0.3645

2.41600,0.1993,-0.0240,-0.6390,0.0931,0.1612,1.1495

2.42200,0.0887,-0.0663,-0.2896,0.0645,0.3941,1.0561

2.42700,-0.0974,-0.1545,0.1422,0.1329,0.2426,0.7964

2.43300,0.2364,-0.2102,0.4146,-0.0073,0.0975,1.0224

2.43900,-0.1703,0.0697,0.3059,0.1412,0.1686,0.9882

2.44500,-0.1861,-0.1351,0.4219,0.0633,0.1739,0.8746

2.45000,-0.3709,0.0361,0.4409,0.0379,0.0279,0.7784

2.45600,-0.2821,-0.0060,0.4863,-0.1016,0.0188,1.4326

2.46200,0.1248,-0.0128,0.8114,-0.1720,-0.0738,1.4908

2.46700,-0.3246,-0.1700,0.7017,0.0484,0.0437,1.0361

2.47300,-0.1552,-0.0731,0.5029,0.0198,-0.2143,1.2931

2.47900,0.0007,0.2834,0.1029,-0.1319,-0.5253,1.7487

2.48400,0.1591,-0.0480,-0.6670,0.0330,-0.4649,1.1111

2.49000,-0.1119,0.1488,-1.1086,-0.0151,-0.5707,1.0525

2.49600,-0.2677,0.2105,-1.2854,-0.1402,-0.3430,0.9848

2.50200,-0.1368,0.1448,-1.1443,-0.0965,-0.1178,1.0710

2.50700,-0.1807,0.0987,-0.6836,-0.0689,0.1876,0.9164

2.51300,0.0314,0.2370,-0.1278,0.0117,0.4170,1.0131

2.51900,0.0486,0.0405,0.3676,-0.0293,0.3838,0.9142

2.52400,-0.0894,0.1228,0.5438,-0.0279,0.3433,1.0339

2.53000,0.1656,-0.0706,0.6564,0.1153,0.0911,0.9479

2.53600,-0.2357,0.0837,0.7111,0.0997,-0.0056,0.7405

2.54200,-0.2166,-0.0566,0.3744,0.0550,-0.3235,1.3527

2.54700,0.0462,-0.0521,0.0151,0.1004,-0.2629,0.8367

2.55300,0.0073,0.1725,-0.1276,0.1463,-0.2294,0.8790

2.55900,0.0763,0.1888,-0.4217,0.1007,-0.3442,1.2357

2.56400,0.0281,0.3643,-0.5416,0.1791,-0.1581,1.1614

2.57000,0.0079,0.2137,-0.6047,0.0821,-0.1204,0.9955

2.57600,-0.1053,0.4178,-0.5620,0.1185,-0.0374,0.9872

2.58100,-0.0274,0.3762,-0.4337,0.1014,0.0616,1.0855

2.58700,-0.1791,0.5265,-0.2258,0.1566,0.0711,1.1707

2.59300,0.0244,0.4766,-0.1407,0.0718,0.0535,1.0014

2.59900,-0.0100,0.4477,-0.0248,0.0889,0.0821,1.0175

2.60400,0.0488,0.4339,-0.0300,0.0467,0.0098,0.8763

2.61000,-0.1625,0.5520,0.1015,0.0230,0.0760,0.8355

2.61600,0.1404,0.4894,0.0234,0.0882,-0.0452,1.0280

2.62100,-0.2486,0.4802,-0.0432,0.0191,0.0540,0.9071

2.62700,-0.0064,0.5080,-0.1396,0.0501,-0.1055,1.0148

2.63300,-0.2246,0.6327,-0.2224,0.0479,-0.1505,1.0258

2.63800,-0.0075,0.7075,-0.2571,0.0344,-0.0274,0.9433

2.64400,0.1208,0.7574,-0.2609,0.0911,-0.0188,1.0503

2.65000,-0.0734,0.7364,-0.2008,0.0340,0.0264,1.0691

2.65600,-0.2133,0.8418,-0.0302,0.0774,-0.0083,1.1021

2.66100,-0.0349,0.6945,-0.0008,-0.0034,0.0794,0.9264

2.66700,-0.0140,0.7309,0.0806,0.0369,0.0266,1.0254

2.67300,-0.1058,0.7228,0.0662,0.0547,-0.0613,0.9870

2.67800,-0.0550,0.8446,0.1178,0.0767,-0.0215,1.1387

2.68400,-0.1063,0.7710,0.0845,0.0530,-0.0208,0.9257

2.69000,0.0735,0.7156,0.0376,0.0015,-0.0489,0.9806

2.69500,-0.0951,0.5879,-0.0217,-0.0020,-0.0718,0.9245

2.70100,0.1001,0.5969,-0.0091,0.0154,-0.0515,0.9672

2.70700,0.1280,0.5582,-0.1006,-0.0010,-0.0855,1.0618

2.71300,-0.0360,0.5981,-0.2192,0.0264,-0.0760,1.0437

2.71800,-0.2196,0.5801,-0.2562,-0.0122,-0.0513,0.8839

2.72400,0.2250,0.4930,-0.1761,-0.0122,0.0210,0.9826

2.73000,-0.0201,0.5949,-0.0289,-0.0252,0.0020,1.1714

2.73500,0.0552,0.5088,0.0902,-0.0139,0.1060,0.9657

2.74100,0.0035,0.4545,0.1853,-0.0349,0.0435,1.0815

2.74700,-0.0100,0.3507,0.1709,-0.0061,-0.0279,1.0346

2.75200,-0.0168,0.3797,0.2186,-0.0242,0.0186,0.9122

2.75800,0.1310,0.3151,0.1518,-0.0403,-0.1026,1.0686

2.76400,-0.0258,0.4582,0.0215,-0.0137,-0.1747,1.0735

2.77000,-0.0337,0.4053,-0.0717,-0.0208,-0.1241,1.0625

2.77500,-0.2201,0.3852,-0.0441,-0.0740,-0.1422,1.1214

2.78100,0.0485,0.3056,-0.0576,-0.0970,-0.0523,0.9599

2.78700,0.1544,0.3014,0.0460,-0.0559,-0.0774,1.1482

2.79200,-0.1993,0.3019,0.0537,-0.0208,0.0027,0.9963

2.79800,-0.1220,0.1877,0.1038,-0.0464,-0.0506,0.9755

2.80400,-0.1691,0.3547,0.2575,-0.0469,0.0181,0.9846

2.80900,0.2745,0.2046,0.2246,-0.0217,-0.0061,0.9406

2.81500,0.0105,0.2821,0.2815,-0.0017,-0.0183,0.9780

2.82100,-0.0258,0.3798,0.2110,-0.0574,-0.0315,0.7752

2.82700,0.0494,0.4433,0.1571,-0.0386,-0.0906,0.8702

2.83200,-0.1050,0.4151,0.2196,-0.1058,0.0628,0.8277

2.83800,0.0167,0.5145,0.2819,-0.0997,0.0046,0.8746

2.84400,-0.1447,0.5105,0.3423,-0.0476,-0.0254,1.0534

2.84900,-0.0105,0.1435,0.2658,-0.2585,-0.0388,0.8697

2.85500,-0.0478,0.0224,0.2726,-0.1209,-0.1757,0.9958

2.86100,0.2787,0.2737,0.2645,-0.0897,-0.0743,0.8722

2.86600,-0.0794,0.1700,0.3849,-0.0232,0.0603,0.9555

2.87200,0.1062,0.5638,0.4045,0.0472,0.0059,1.0261

2.87800,-0.0188,0.5208,0.4346,-0.0181,-0.0066,0.8959

2.88400,-0.0492,0.5981,0.4183,-0.0024,-0.0088,0.9083

2.88900,-0.3487,0.6275,0.3933,-0.0315,-0.0855,0.9902

2.89500,-0.0650,0.5339,0.2856,-0.1253,-0.0603,1.0437

2.90100,0.0454,0.5841,0.3464,0.0217,0.0122,0.9010

2.90600,-0.1354,0.4944,0.3404,-0.0310,0.0164,1.0070

2.91200,-1.4807,0.5232,0.3392,-0.0147,-0.0286,1.0930

2.91800,-0.2268,-0.0874,0.2998,-0.0941,-0.0625,0.4576

2.92300,0.1276,0.3507,0.1957,0.1830,-0.1011,1.1113

2.92900,0.2581,0.3641,0.0986,-0.0281,-0.1026,0.9821

2.93500,-0.0021,0.3067,0.1563,-0.1131,0.0454,0.9804

2.94000,0.2286,0.1856,0.2198,-0.1004,0.0423,0.9543

2.94600,-0.0268,0.2112,0.2565,-0.0752,0.0078,0.9719

2.95200,-0.3717,0.0457,0.3746,-0.0564,0.0643,0.8971

2.95800,0.1936,0.2294,0.4792,0.0154,0.0481,0.9535

2.96300,-0.0117,-0.1070,0.5259,-0.1339,-0.0027,0.8392

2.96900,0.0409,-0.1231,0.5594,-0.0320,0.0303,1.0407

2.97500,-0.0438,-0.0373,0.5852,-0.0462,-0.0877,0.8807

2.98000,-0.0954,-0.1107,0.4948,-0.1261,-0.0733,1.1656

2.98600,0.3512,-0.0749,0.4318,-0.0672,-0.0955,1.0769

2.99200,-0.0891,-0.1223,0.2872,-0.1165,-0.1410,0.9828

2.99700,0.0373,0.0205,0.1588,-0.0225,-0.2118,0.9855

3.00300,0.1380,0.0144,0.1370,-0.0867,-0.0887,1.0984

3.00900,-0.0332,0.0478,0.1359,-0.1219,-0.0450,1.0544

3.01500,-0.0068,-0.0874,0.2354,-0.0591,0.0235,0.9594

3.02000,0.0809,0.0131,0.3862,-0.0139,0.0562,0.8736

3.02600,0.0366,-0.0120,0.4474,-0.0665,0.0349,0.9877

3.03200,0.0526,-0.0581,0.4990,-0.0687,0.0684,0.8968

3.03700,0.0983,-0.0831,0.6462,-0.0711,0.0606,0.9169

3.04300,-0.0742,-0.0598,0.6803,-0.0948,0.0222,0.9450

3.04900,-0.0825,-0.1009,0.7337,-0.1239,-0.1400,1.0512

3.05400,-0.0109,-0.1641,0.5918,-0.1505,-0.2177,0.9909

3.06000,0.0141,-0.1756,0.4670,-0.1292,-0.1732,0.9535

3.06600,-0.1314,-0.1755,0.3273,-0.0989,-0.2099,0.9650

3.07200,0.0653,-0.1214,0.2018,-0.0845,-0.2551,1.0764

3.07700,-0.0204,-0.1419,0.1595,-0.1339,-0.1349,0.9489

3.08300,0.0310,-0.1372,0.0630,-0.1099,-0.1627,0.9941

3.08900,-0.0753,-0.1677,-0.0378,-0.0906,-0.1867,0.9611

3.09400,-0.1460,-0.1508,-0.0759,-0.0733,-0.1278,0.9609

3.10000,0.0572,-0.1380,-0.1326,-0.0945,-0.1803,0.9821

3.10600,0.0051,-0.1111,-0.1556,-0.0884,-0.1151,0.9753

3.11200,-0.0853,-0.0783,-0.1103,-0.0855,-0.0977,0.9518

3.11700,-0.0274,-0.0606,-0.0886,-0.0625,-0.0445,0.9877

3.12300,0.0484,-0.0077,-0.1017,-0.0655,-0.0748,0.9894

3.12900,0.0075,0.0570,-0.1438,-0.0757,-0.0572,0.9965

3.13400,-0.0159,0.0349,-0.2130,-0.0689,-0.1351,0.9550

3.14000,0.0348,0.0981,-0.1909,-0.0396,-0.0569,0.9760

3.14600,0.0036,0.0815,-0.0982,-0.0633,0.0699,0.9850

3.15100,0.0004,0.1166,0.0686,-0.0650,0.0259,0.9973

3.15700,-0.0416,0.1091,0.1974,-0.0855,0.0836,0.9675

3.16300,-0.2274,0.1077,0.3817,-0.0828,0.0772,0.9814

3.16900,-0.1246,0.0409,0.4828,-0.0862,0.0506,0.9667

3.17400,-0.0392,-0.0017,0.4879,-0.0941,-0.0498,1.0341

3.18000,-0.0682,-0.1323,0.4423,-0.0909,-0.1151,0.9782

3.18600,-0.0674,-0.1978,0.3865,-0.0603,-0.0286,0.9645

3.19100,-0.0226,-0.2096,0.1731,-0.0581,-0.1666,0.9643

3.19700,0.0157,-0.2196,0.0402,-0.0608,-0.1195,1.0070

3.20300,0.0655,-0.2519,-0.2132,-0.0887,-0.2138,0.9604

3.20800,0.0941,-0.2959,-0.4361,-0.0618,-0.0498,0.9626

3.21400,0.0715,-0.2707,-0.5899,-0.0616,-0.1986,0.9819

3.22000,0.0842,-0.2847,-0.5758,-0.0730,-0.0147,0.9890

3.22600,0.0510,-0.2693,-0.3605,-0.0694,0.1583,0.9919

3.23100,-0.0506,-0.2709,0.0053,-0.0508,0.3232,0.9819

3.23700,-0.0642,-0.2349,0.3593,-0.0413,0.2983,0.9750

3.24300,0.0278,-0.2682,0.5148,-0.0603,0.1273,0.9736

3.24800,0.0057,-0.1376,0.5822,-0.0068,0.1407,0.9567

3.25400,-0.0640,-0.0963,0.5365,-0.0508,-0.0032,1.0102

3.26000,-0.1073,-0.0136,0.3667,-0.0129,0.0542,0.9511

3.26600,0.0124,0.0814,0.1122,-0.0176,-0.1881,1.0280

3.27100,0.0248,0.1132,-0.0313,-0.0513,-0.0584,1.0415

3.27700,-0.0141,0.1094,0.0313,-0.0713,0.0555,0.9284

3.28300,0.0119,0.0937,0.0991,-0.0530,0.0953,0.9257

3.28800,-0.0318,0.0024,0.1811,-0.1107,0.0489,0.9518

3.29400,-0.0400,-0.0849,0.2072,-0.1107,0.0391,0.9530

3.30000,0.1278,-0.0810,0.2162,-0.0652,-0.0103,0.9946

3.30500,-0.1175,-0.0506,0.2312,-0.0638,0.0887,0.9836

3.31100,-0.0203,-0.0436,0.2141,-0.0713,-0.0105,0.9486

3.31700,0.1260,-0.0761,0.2021,-0.1214,0.0134,0.9675

3.32300,-0.0017,-0.0717,0.2388,-0.1046,-0.0064,0.9753

3.32800,-0.0682,-0.1203,0.2006,-0.0943,0.0081,0.9933

3.33400,0.0734,-0.1168,0.0839,-0.0794,-0.1087,0.9838

3.34000,0.0703,-0.2049,0.0556,-0.1349,-0.0406,0.9987

3.34500,-0.0855,-0.2184,0.1379,-0.0376,0.1378,0.8802

3.35100,0.0129,-0.1200,0.2738,-0.0259,0.0982,0.9765

3.35700,-0.0405,-0.1290,0.2967,-0.0789,0.0743,1.0183

3.36200,-0.1073,-0.1275,0.3087,-0.0608,-0.0056,1.0178

3.36800,-0.0909,0.0213,0.2880,-0.0462,0.0628,1.0136

3.37400,-0.1274,-0.0576,0.2068,-0.0603,-0.1371,1.0070

3.38000,-0.0877,0.0456,0.1920,-0.1070,-0.0515,0.9789

3.38500,0.0362,-0.0040,0.1018,-0.0836,-0.0816,0.9494

3.39100,0.0393,-0.0035,0.0381,-0.1263,-0.1446,1.0126

3.39700,-0.1292,0.0113,-0.0009,-0.1178,-0.1036,0.9653

3.40200,0.0682,0.0525,-0.0029,-0.0677,0.0005,0.9526

3.40800,-0.0236,0.0310,-0.0017,-0.1207,-0.0098,0.9499

3.41400,-0.0168,-0.0246,-0.0361,-0.1185,-0.0479,0.9921

3.41900,0.0517,-0.0369,-0.0625,-0.1114,-0.0403,0.9623

3.42500,0.0024,0.0352,-0.0385,-0.0596,-0.0056,0.9980

3.43100,-0.0373,-0.0104,0.0144,-0.1187,0.0344,0.9726

3.43700,-0.0385,0.0620,0.0406,-0.0599,-0.0244,1.0312

3.44200,-0.0246,-0.0308,0.1288,-0.1226,0.0349,0.9743

3.44800,-0.1565,-0.0978,0.2010,-0.1317,0.0506,0.9772

3.45400,-0.0596,0.0502,0.3497,0.0110,0.0332,0.9802

3.45900,0.1279,0.1430,0.4138,-0.0577,0.0938,1.0158

3.46500,0.0782,0.0049,0.3897,-0.0418,-0.0232,1.0036

3.47100,-0.0192,0.0683,0.3681,0.0220,-0.0577,1.0129

3.47600,0.0549,-0.0429,0.2450,-0.0386,-0.0501,0.9445

3.48200,0.0557,-0.0456,0.2618,-0.0086,0.0017,0.9943

3.48800,0.0398,-0.0151,0.2178,-0.0132,-0.0369,0.9313

3.49400,-0.0221,-0.0316,0.2189,-0.0203,0.0186,0.9455

3.49900,0.0378,-0.0348,0.2450,0.0344,0.0071,0.9738

3.50500,-0.0706,0.0253,0.2882,-0.0381,0.0046,0.9767

3.51100,0.0288,0.0618,0.2753,-0.0459,0.0376,0.9623

3.51600,-0.0723,-0.0085,0.2234,-0.0107,-0.0836,0.9171

3.52200,-0.0176,-0.0589,0.1868,-0.0445,-0.0674,0.9403

3.52800,-0.0160,-0.0308,0.0661,-0.0789,-0.1534,1.0478

3.53300,-0.0554,-0.0783,-0.0205,-0.0970,-0.0838,0.9350

3.53900,-0.0530,-0.0470,-0.0586,-0.0730,-0.0442,0.9457

3.54500,0.0855,0.0935,-0.0289,-0.0589,-0.0919,0.9882

3.55100,-0.0100,0.0199,-0.0849,-0.1241,-0.0457,0.9821

3.55600,0.0212,-0.0979,-0.0999,-0.0454,-0.0457,0.9621

3.56200,0.0565,0.0141,-0.0601,-0.0955,0.0049,0.9736

3.56800,0.1017,0.0191,-0.0825,-0.0645,-0.0618,0.9577

3.57300,-0.0121,-0.0485,-0.0440,-0.0401,0.0188,1.0009

3.57900,0.0152,-0.2109,0.0019,-0.0369,0.0215,1.0207

3.58500,0.0417,-0.1371,0.0016,-0.0129,-0.0125,0.9912

3.59100,0.0165,-0.1749,-0.0514,-0.0235,-0.0415,1.0087

3.59600,0.0313,-0.4217,-0.3806,-0.1131,-0.1371,1.0659

3.60200,0.0412,-0.1773,-0.3495,0.0503,-0.1632,1.0351

3.60800,-0.0301,-0.2737,-0.2570,-0.0635,0.0716,0.9719

3.61300,0.0252,-0.3489,-0.1482,-0.0508,0.0540,1.0031

3.61900,0.0193,-0.2982,0.0429,-0.0457,0.0936,0.9697

3.62500,-0.0061,-0.2450,0.0822,-0.0291,0.0357,0.9599

3.63000,0.0694,-0.1743,0.0653,-0.0344,0.0327,0.9662

3.63600,-0.0878,-0.1525,-0.0123,-0.0037,-0.0638,1.0029

3.64200,0.0494,-0.1350,0.0153,-0.0559,-0.0161,0.9340

3.64800,0.1935,-0.2302,-0.0601,-0.0792,-0.0809,0.9772

3.65300,0.1272,-0.1836,-0.1215,-0.0528,-0.1744,1.0195

3.65900,0.0246,-0.2349,-0.1784,-0.0613,-0.0691,0.9980

3.66500,-0.0340,-0.2266,-0.2511,-0.0633,-0.1016,0.9997

3.67000,-0.0374,-0.2089,-0.3629,-0.0545,-0.0770,0.9345

3.67600,0.0053,-0.2282,-0.3361,-0.0711,-0.0831,0.9860

3.68200,-0.0044,-0.2393,-0.2526,-0.0386,0.0955,0.9034

3.68800,-0.0661,-0.2045,-0.2238,-0.0469,-0.0347,1.0319

3.69300,0.0043,-0.1592,-0.1312,-0.0457,0.0535,0.9816

3.69900,-0.0330,-0.2254,0.0216,-0.0972,0.1522,0.9662

3.70500,0.0477,-0.1945,0.1143,-0.0242,0.0384,0.9726

3.71000,0.0793,-0.2190,0.1565,-0.0672,0.0115,1.0080

3.71600,-0.0402,-0.0654,0.0168,-0.0430,-0.0733,0.9438

3.72200,0.0374,-0.0894,0.0173,-0.0594,0.0164,0.9855

3.72700,0.0033,-0.0685,0.0060,-0.0371,-0.0188,0.9736

3.73300,0.0642,-0.1375,-0.0408,-0.0349,-0.0406,1.0056

3.73900,-0.0020,-0.1561,-0.0771,-0.0257,-0.0928,0.9775

3.74500,0.0103,-0.1809,-0.1414,-0.0249,-0.0579,0.9965

3.75000,-0.0468,-0.1741,-0.2289,-0.0247,-0.0955,1.0180

3.75600,-0.0064,-0.1604,-0.3115,-0.0335,-0.0875,0.9850

3.76200,0.0027,-0.1741,-0.3256,-0.0112,-0.0318,0.9799

3.76700,-0.0163,-0.2008,-0.2807,-0.0181,0.0315,0.9819

3.77300,0.0222,-0.1857,-0.2037,-0.0288,0.0603,0.9833

3.77900,-0.0973,-0.1367,-0.1487,-0.0183,0.0540,1.0266

3.78500,0.0107,-0.0731,-0.0947,-0.0357,0.0484,0.9613

3.79000,0.0385,-0.1054,-0.0641,-0.0264,0.0315,0.9960

3.79600,0.0153,-0.1123,-0.0024,-0.0083,0.0044,1.0183

3.80200,0.0159,-0.1382,0.1107,-0.0271,0.0625,0.9838

3.80700,0.0324,-0.1649,0.1218,-0.0213,0.0298,0.9982

3.81300,-0.0671,-0.0847,0.0253,-0.0274,-0.0432,0.9144

3.81900,0.0084,-0.1146,0.0176,-0.0393,-0.0283,0.9638

3.82400,-0.0433,-0.0558,0.0344,0.0159,-0.0120,1.0173

3.83000,-0.0156,-0.0141,0.0092,0.0198,0.0017,1.0153

3.83600,0.0506,0.0051,0.0831,0.0017,0.0127,0.9758

3.84200,0.0063,0.0181,0.0510,-0.0230,-0.0608,0.9733

3.84700,-0.0209,0.0308,0.0047,0.0166,-0.0574,1.0148

3.85300,-0.0253,-0.0240,-0.0616,-0.0107,-0.0484,0.9787

3.85900,-0.0003,-0.1100,-0.1135,0.0017,-0.0865,1.0017

3.86400,0.0320,-0.1030,-0.1262,0.0037,-0.0203,0.9398

3.87000,-0.0442,-0.1825,-0.1246,-0.0142,0.0364,1.0139

3.87600,0.0064,-0.2072,-0.0207,-0.0120,0.0645,0.9728

3.88100,0.0641,-0.1998,0.0742,0.0029,0.0208,0.9704

3.88700,0.0497,-0.2822,0.0815,-0.0252,0.0071,0.9648

3.89300,-0.0093,-0.2717,0.0821,-0.0151,-0.0247,0.9853

3.89900,-0.0208,-0.2871,0.0961,-0.0073,-0.0630,0.9657

3.90400,-0.0120,-0.3826,0.0360,-0.0178,-0.1075,0.9929

3.91000,-0.0514,-0.4182,0.0041,-0.0178,-0.0718,0.9912

3.91600,0.0280,-0.4255,-0.1190,0.0010,-0.2321,1.0139

3.92100,0.0189,-0.4563,-0.1615,-0.0149,-0.1361,0.9826

3.92700,0.0179,-0.4261,-0.1691,0.0220,-0.0191,0.9816

3.93300,0.0246,-0.3501,-0.1723,0.0257,-0.0545,0.9902

3.93800,-0.0125,-0.3687,-0.2646,-0.0117,-0.1898,0.9916

3.94400,-0.0179,-0.3313,-0.3687,0.0064,-0.1744,0.9802

3.95000,-0.0031,-0.2870,-0.3932,-0.0064,-0.1200,0.9726

3.95600,-0.0064,-0.3015,-0.2316,0.0081,0.0322,0.9936

3.96100,0.0007,-0.3973,-0.0697,-0.0352,0.0586,1.0456

3.96700,-0.0023,-0.4594,0.0401,-0.0046,0.0415,0.9982

3.97300,0.0027,-0.5104,0.1037,0.0315,0.0088,0.9907

3.97800,-0.0003,-0.4450,0.1300,0.0425,-0.0650,0.9987

3.98400,0.0195,-0.6444,0.1264,0.0100,-0.0481,1.0232

3.99000,0.0107,-0.6374,0.2654,0.0332,-0.0169,1.0051

3.99600,0.0155,-0.5926,0.3475,0.0418,0.0115,1.0021

4.00100,0.0129,-0.5814,0.3011,0.0606,-0.0540,0.9499

4.00700,0.0224,-0.4586,0.3023,0.0366,-0.0391,0.9596

4.01300,0.0273,-0.4583,0.3212,0.0147,0.0034,0.9736

4.01800,0.0207,-0.2866,0.2935,0.0733,-0.0200,0.9599

4.02400,0.0025,-0.2122,0.2503,0.0774,-0.0408,0.9814

4.03000,0.0040,-0.1287,0.2077,0.1065,-0.0452,0.9455

4.03500,0.0100,-0.1611,0.1945,0.0630,-0.0173,0.9447

4.04100,0.0011,-0.1391,0.1649,0.0755,-0.0366,0.9628

4.04700,0.0048,-0.1973,0.1636,0.0638,0.0151,0.9894

4.05200,0.0132,-0.2237,0.0851,0.0892,-0.0115,0.9582

4.05800,0.0157,-0.3603,0.0915,0.0493,-0.0007,0.9877

4.06400,0.0152,-0.3870,0.1876,0.1090,0.0071,0.9882

4.07000,0.0143,-0.5436,0.1379,0.0374,-0.0210,1.0280

4.07500,0.0097,-0.5283,0.0735,0.1055,-0.0054,0.9936

4.08100,0.0248,-0.5872,0.1287,0.0701,-0.0337,1.0012

4.08700,0.0145,-0.5347,0.0408,0.1493,-0.0288,0.9635

4.09200,0.0031,-0.6695,-0.0492,0.0589,-0.0347,1.0056

4.09800,0.0079,0.1244,0.0238,0.4891,-0.1087,0.8631

4.10400,-0.0091,0.1066,-0.0742,0.2331,-0.0081,0.9846

4.10900,-0.0160,0.1026,-0.0979,0.1129,-0.0344,0.9992

4.11500,-0.0297,0.0969,-0.1307,0.1551,-0.0120,1.0009

4.12100,-0.0196,0.0518,-0.1592,0.1461,-0.0191,1.0019

4.12700,0.0157,0.0710,-0.0887,0.0672,0.0279,0.9946

4.13200,0.0008,0.0695,-0.0652,0.1029,0.0178,0.9682

4.13800,-0.0063,0.0596,-0.0292,0.0176,0.0259,0.9814

4.14400,-0.0213,0.0473,-0.0538,0.0906,-0.0086,0.9894

4.14900,-0.0088,0.0654,-0.0306,0.0601,-0.0005,0.9491

4.15500,-0.0203,0.0665,-0.0041,0.0621,-0.0039,0.9899

4.16100,-0.0124,0.0577,0.0357,-0.0022,0.0144,0.9907

4.16600,0.0029,0.0636,0.1124,0.0208,0.0029,0.9799

4.17200,0.0063,0.0385,0.1627,0.0667,0.0068,0.9916

4.17800,0.0133,0.0080,0.2009,0.0401,-0.0081,0.9912

4.18400,-0.0345,0.0172,0.2078,0.0684,-0.0059,0.9863

4.18900,-0.2232,-0.0588,0.2506,0.0454,0.0093,1.0241

4.19500,-0.4229,-0.1087,0.2846,0.0606,0.0176,1.0151

4.20100,-0.5245,-0.1311,0.3064,0.0923,-0.0051,1.0053

4.20600,-0.4763,-0.0994,0.3389,0.0848,-0.0051,1.0136

4.21200,-0.3789,-0.0763,0.3861,0.0733,0.0093,0.9530

4.21800,-0.3732,-0.1232,0.4233,0.0347,-0.0039,0.9853

4.22300,-0.4766,-0.1426,0.3527,0.0437,-0.0628,0.9833

4.22900,-0.4085,-0.1017,0.3477,0.1094,-0.0169,0.9672

4.23500,-0.3158,-0.0525,0.3448,0.1009,-0.0183,0.9550

4.24100,-0.2217,-0.0604,0.2647,0.0476,-0.0669,0.9802

4.24600,-0.0813,0.0035,0.1319,0.0696,-0.0987,0.9682

4.25200,0.1627,0.0477,0.0730,0.0923,-0.0545,0.9362

4.25800,0.3234,0.0649,0.0200,0.0755,-0.0547,0.9494

4.26300,0.3352,0.0842,0.0029,0.1048,-0.0379,0.9787

4.26900,0.2414,0.0625,-0.0015,0.0386,-0.0357,0.9858

4.27500,0.0666,0.0301,0.0163,0.0657,-0.0195,1.0134

4.28000,-0.1346,0.0148,0.0648,0.0933,-0.0129,1.0126

4.28600,-0.3276,0.0015,0.0793,0.0708,-0.0181,1.0197

4.29200,-0.4926,-0.0064,0.0910,0.0792,-0.0244,1.0126

4.29700,-0.6250,-0.0654,0.1118,0.0657,-0.0357,0.9648

4.30300,-0.7276,-0.0478,0.0715,0.1182,-0.0708,0.9890

4.30900,-0.6634,-0.0655,0.0020,0.0877,-0.0665,0.9311

4.31500,-0.3591,0.1470,-0.2262,0.1087,-0.1393,0.8986

4.32000,0.0482,0.1805,-0.4026,0.0408,-0.1647,0.8844

4.32600,0.2773,0.2274,-0.4491,0.0633,-0.1073,0.9315

4.33200,0.2245,0.2502,-0.4558,0.0601,-0.0259,1.0073

4.33700,0.1138,0.1899,-0.4074,-0.0010,-0.0071,0.9951

4.34300,-0.0969,0.1354,-0.2622,0.0713,0.0515,1.0080

4.34900,-0.4534,0.0514,-0.0887,0.0491,0.1266,1.0679

4.35400,-0.6380,0.0125,-0.0779,0.0740,-0.0042,1.0432

4.36000,-0.4415,0.0053,-0.0851,0.0564,-0.0520,0.9530

4.36600,-0.1945,0.0818,-0.0751,0.1033,-0.0430,0.9572

4.37200,-0.1504,0.0927,-0.0699,0.1153,-0.0574,0.9684

4.37700,-0.2972,0.0670,-0.0548,0.1094,-0.0457,1.0148

4.38300,-0.4819,0.0396,-0.0397,0.0901,-0.0342,1.0503

4.38900,-0.5621,0.0337,-0.0493,0.0286,-0.0750,1.0078

4.39400,-0.5990,0.0661,-0.0132,0.1112,-0.0555,0.9933

4.40000,-0.7117,0.0189,-0.0037,0.0640,-0.0501,1.0205

4.40600,-0.8180,-0.1282,0.0946,0.5040,-0.0325,0.9875

4.41100,-1.2077,-0.4161,0.1087,0.2375,-0.1229,1.0510

4.41700,-0.6927,0.0083,-0.4707,0.1930,-0.5465,0.6946

4.42300,-0.1741,0.0426,-0.0510,0.4014,0.1893,0.9425

4.42900,-0.3790,0.0827,-0.1280,0.1192,-0.0718,1.0578

4.43400,-0.5473,-0.0250,-0.2392,0.0281,-0.1832,1.0273

4.44000,-0.4082,0.0923,-0.3075,0.1214,-0.1659,0.9609

4.44600,-0.0770,0.0919,-0.2936,0.1112,-0.0855,0.8834

4.45100,-0.0935,0.1200,-0.2527,0.1080,-0.0718,0.9907

4.45700,-0.1875,0.0448,-0.2389,-0.0330,-0.0804,0.9907

4.46300,-0.2481,0.0618,-0.1961,0.0545,-0.0493,1.0322

4.46900,-0.2169,0.0211,-0.1103,-0.0027,-0.0349,0.9782

4.47400,-0.1090,0.0167,-0.0133,-0.0139,0.0078,0.9692

4.48000,-0.1394,0.0047,-0.0200,0.0721,-0.0985,0.9855

4.48600,-0.0625,0.0136,-0.0164,0.0760,-0.1002,0.9887

4.49100,0.0452,0.0394,-0.0177,0.0799,-0.1043,0.9611

4.49700,0.0584,0.0465,-0.0208,0.0765,-0.0955,0.9648

4.50300,0.0341,0.0450,-0.0187,0.0647,-0.0967,0.9875

4.50800,0.0246,0.0456,-0.0257,0.0704,-0.0967,0.9897

4.51400,0.0028,0.0416,-0.0440,0.0677,-0.1097,0.9784

4.52000,-0.0049,0.0374,-0.0819,0.0635,-0.1302,0.9762

4.52600,0.0067,0.0564,-0.1178,0.0662,-0.1371,0.9731

4.53100,0.0328,0.0690,-0.1195,0.0679,-0.0985,0.9692

4.53700,-0.0229,0.0886,-0.0990,0.0117,-0.0755,0.9848

4.54300,-0.0846,0.0320,-0.0516,0.0904,-0.0300,0.9924

4.54800,-0.0817,0.0380,-0.0589,0.0787,-0.0992,0.9802

4.55400,-0.0520,0.0562,-0.0794,0.0669,-0.1253,0.9711

4.56000,-0.0324,0.0561,-0.0654,0.0662,-0.0909,0.9745

4.56500,-0.0313,0.0417,-0.0470,0.0662,-0.0816,0.9836

4.57100,-0.0325,0.0342,-0.0464,0.0667,-0.1019,0.9843

4.57700,-0.0057,0.0341,-0.0444,0.0679,-0.0953,0.9782

4.58300,0.0203,0.0310,-0.0196,0.0611,-0.0782,0.9787

4.58800,-0.0120,0.0211,-0.0161,0.0625,-0.0963,0.9726

4.59400,-0.0396,0.0209,-0.0171,0.0640,-0.1016,0.9843

4.60000,-0.0440,0.0262,-0.0168,0.0628,-0.1004,0.9836

4.60500,-0.0215,0.0252,-0.0176,0.0682,-0.1014,0.9731

4.61100,0.0136,0.0329,-0.0193,0.0728,-0.0999,0.9699

4.61700,0.0309,0.0297,-0.0157,0.0682,-0.0965,0.9799

4.62200,0.0430,0.0274,-0.0169,0.0738,-0.1011,0.9824

4.62800,0.0450,0.0329,-0.0183,0.0638,-0.0989,0.9672

4.63400,0.0426,0.0413,-0.0246,0.0628,-0.1051,0.9809

4.64000,0.0200,0.0318,-0.0377,0.0662,-0.1011,0.9887

4.64500,0.0177,0.0361,-0.0839,0.0674,-0.1380,0.9684

4.65100,0.0051,0.0965,-0.0927,0.0257,-0.0933,0.9743

4.65700,-0.0866,0.0246,-0.0373,0.0997,-0.0388,1.0153

4.66200,-0.1360,0.0043,-0.0420,0.0838,-0.0884,1.0048

4.66800,-0.0444,0.0225,-0.0408,0.0843,-0.0963,0.9653

4.67400,0.0775,0.0372,-0.0372,0.0726,-0.1065,0.9631

4.67900,0.1426,0.0460,-0.0578,0.0735,-0.1065,0.9572

4.68500,0.0914,0.0228,-0.0537,0.0823,-0.0936,0.9960

4.69100,-0.0117,0.0207,-0.0540,0.0581,-0.0914,0.9865

4.69700,-0.0574,0.0107,-0.0417,0.0823,-0.0796,0.9929

4.70200,-0.0005,0.0104,-0.0204,0.0792,-0.0943,0.9604

4.70800,0.0737,0.0341,-0.0161,0.0679,-0.1033,0.9631

4.71400,0.0602,0.0281,-0.0153,0.0669,-0.0989,0.9755

4.71900,-0.0139,0.0196,-0.0184,0.0643,-0.0933,0.9848

4.72500,-0.0777,0.0189,-0.0128,0.0655,-0.0958,0.9909

4.73100,-0.0991,0.0215,-0.0085,0.0672,-0.0931,0.9804

4.73600,-0.0384,0.0212,0.0185,0.0687,-0.0860,0.9765

4.74200,0.0686,0.0215,0.0646,0.0691,-0.0628,0.9631

4.74800,0.0739,0.0207,0.0450,0.0647,-0.1065,0.9767

4.75300,0.0188,0.0208,0.0075,0.0655,-0.1307,0.9821

4.75900,-0.0035,0.0169,0.0053,0.0559,-0.0960,0.9850

4.76500,0.0270,0.0183,0.0237,0.0652,-0.0831,0.9704

4.77100,0.0486,0.0185,0.0229,0.0621,-0.0936,0.9694

4.77600,0.0183,0.0221,-0.0081,0.0584,-0.1287,0.9870

4.78200,-0.0032,0.0156,-0.0159,0.0572,-0.1014,0.9828

4.78800,-0.0140,0.0167,-0.0168,0.0652,-0.1009,0.9814

4.79300,-0.0167,0.0135,-0.0153,0.0650,-0.0960,0.9816

4.79900,-0.0016,0.0245,-0.0143,0.0630,-0.0936,0.9745

4.80500,0.0175,0.0237,-0.0076,0.0704,-0.0904,0.9787

4.81000,0.0095,0.0222,-0.0032,0.0684,-0.0938,0.9760

4.81600,0.0045,0.0111,-0.0141,0.0650,-0.1060,0.9914

4.82200,0.0297,0.0100,-0.0141,0.0679,-0.1058,0.9824

4.82800,0.0556,0.0144,-0.0156,0.0606,-0.0975,0.9692

4.83300,0.0790,0.0168,-0.0180,0.0667,-0.0997,0.9701

4.83900,0.1140,0.0305,-0.0250,0.0669,-0.1004,0.9748

4.84500,0.1763,0.0420,-0.0274,0.0679,-0.1033,0.9606

4.85000,0.1560,0.0442,-0.0397,0.0674,-0.1004,0.9782

4.85600,0.0525,0.0317,-0.0809,0.0726,-0.1116,0.9924

4.86200,-0.0361,0.0155,-0.0897,0.0689,-0.0977,0.9921

4.86700,-0.0246,0.0091,-0.0658,0.0699,-0.0843,0.9826

4.87300,0.0418,0.0217,-0.0521,0.0667,-0.0806,0.9640

4.87900,0.0722,0.0244,-0.0418,0.0713,-0.0919,0.9765

4.88500,0.0645,0.0216,-0.0281,0.0660,-0.0765,0.9843

4.89000,0.0189,0.0209,-0.0181,0.0650,-0.0774,0.9846

4.89600,-0.0232,0.0093,-0.0169,0.0652,-0.0928,0.9894

4.90200,-0.0020,0.0127,-0.0127,0.0650,-0.0909,0.9806

4.90700,0.0500,0.0200,-0.0104,0.0645,-0.0945,0.9714

4.91300,0.0659,0.0207,-0.0129,0.0630,-0.0928,0.9770

4.91900,0.0534,0.0156,-0.0119,0.0643,-0.0921,0.9743

4.92400,0.0489,0.0125,-0.0100,0.0645,-0.0914,0.9767

4.93000,0.0528,0.0109,-0.0137,0.0684,-0.0941,0.9811

4.93600,0.0778,0.0068,-0.0124,0.0540,-0.0933,0.9806

4.94200,0.0084,0.1009,-0.0695,-0.0669,-0.1258,1.0261

4.94700,-0.0855,-0.0301,-0.0292,0.0347,-0.0748,0.9638

4.95300,-0.0281,0.0095,-0.0324,0.0357,-0.0889,0.9731

4.95900,0.0124,0.0201,-0.0229,0.1082,-0.0904,0.9833

4.96400,0.0694,0.0249,-0.0473,0.0660,-0.1053,0.9643

4.97000,0.0313,0.0384,-0.0353,0.0677,-0.0850,0.9890

4.97600,-0.0590,0.0017,-0.0248,0.0730,-0.0945,0.9943

4.98100,-0.0044,0.0257,-0.0224,0.0696,-0.0941,0.9611

4.98700,0.0301,0.0302,-0.0192,0.0701,-0.0923,0.9689

4.99300,-0.0129,0.0241,-0.0208,0.0699,-0.0836,0.9745

4.99900,-0.0941,0.0156,-0.0220,0.0669,-0.0858,0.9853

5.00400,-0.1720,0.0177,-0.0185,0.0679,-0.0858,0.9929

5.01000,-0.2314,0.0280,-0.0108,0.0716,-0.0897,0.9931

5.01600,-0.1050,0.0007,0.1142,0.0826,-0.0217,0.9772

5.02100,0.0460,0.0033,0.2174,0.0865,0.0100,0.9613

5.02700,0.0777,0.0009,0.1947,0.0904,-0.1266,0.9706

5.03300,0.0065,0.0207,0.0989,0.0186,-0.1717,0.9872

5.03800,-0.0153,0.0039,0.1363,0.0696,-0.0704,0.9985

5.04400,0.0502,-0.0036,0.2073,0.0748,-0.0364,0.9802

5.05000,0.0825,0.0031,0.2146,0.0669,-0.0804,0.9767

5.05500,0.0713,0.0099,0.1828,0.0596,-0.1302,0.9740

5.06100,0.0464,0.0144,0.1540,0.0574,-0.1085,0.9855

5.06700,0.0273,0.0099,0.1957,0.0704,-0.0572,0.9872

5.07300,-0.0051,-0.0125,0.2240,0.0564,-0.0625,0.9841

5.07800,-0.0274,0.0027,0.1881,0.0665,-0.1202,0.9872

5.08400,-0.0446,0.0121,0.1067,0.0589,-0.1568,0.9731

5.09000,-0.0345,0.0192,0.0207,0.0650,-0.1537,0.9631

5.09500,0.0199,0.0233,-0.0207,0.0655,-0.1437,0.9716

5.10100,0.0464,0.0373,-0.0192,0.0674,-0.0880,0.9648

5.10700,0.0252,0.0308,-0.0226,0.0647,-0.0923,0.9755

5.11200,0.0606,0.0397,-0.0346,0.0572,-0.0911,0.9760

5.11800,0.1112,0.0469,-0.0961,0.0577,-0.1419,0.9648

5.12400,0.0457,0.0441,-0.1741,0.0506,-0.1700,0.9853

5.13000,0.0009,0.0321,-0.1615,0.0599,-0.0899,0.9799

5.13500,0.0404,0.0168,-0.1005,0.0650,-0.0408,0.9784

5.14100,0.1135,0.0167,-0.0823,0.0584,-0.0811,0.9692

5.14700,0.0959,-0.0100,-0.0722,0.0227,-0.0901,0.9679

5.15200,-0.0007,0.0052,-0.0416,0.0467,-0.0616,1.0041

5.15800,0.0172,-0.0079,-0.0069,0.1520,-0.0603,1.0236

5.16400,0.1852,0.0222,-0.0089,0.0616,-0.0933,0.9526

5.16900,0.2225,0.0257,-0.0079,0.0630,-0.0948,0.9670

5.17500,0.1053,0.0084,-0.0048,0.0643,-0.0826,1.0014

5.18100,0.0120,-0.0226,-0.0095,0.0579,-0.0784,0.9990

5.18700,0.0282,0.0508,-0.0103,-0.0447,-0.0506,0.9689

5.19200,0.0690,0.0027,0.0815,0.0203,0.0093,0.9802

5.19800,0.0574,-0.0205,0.1324,0.0186,-0.0161,0.9743

5.20400,0.0585,0.0041,0.1984,0.0359,-0.0068,0.9814

5.20900,-0.0004,-0.0240,0.2602,0.0271,0.0078,0.9723

5.21500,-0.0007,-0.0052,0.3030,0.0359,-0.0083,0.9772

5.22100,-0.0585,0.0044,0.2782,0.1016,-0.0784,0.9890

5.22600,-0.1022,-0.0105,0.1607,0.1055,-0.1627,0.9858

5.23200,-0.1248,0.0207,-0.0372,0.1363,-0.2323,0.9389

5.23800,-0.0112,0.0444,-0.1314,0.0987,-0.2360,0.9557

5.24300,0.0763,0.0870,-0.1403,0.0958,-0.0941,0.9775

5.24900,-0.0938,0.0408,-0.1318,0.0757,-0.0679,1.0026

5.25500,-0.2693,-0.0051,-0.1144,0.0735,-0.0625,1.0229

5.26100,-0.2313,0.0056,-0.0890,0.0650,-0.0809,0.9865

5.26600,-0.0516,0.0301,-0.0556,0.0589,-0.0694,0.9591

5.27200,0.0685,0.0197,-0.0071,0.0567,-0.0662,0.9682

5.27800,0.0358,0.0237,0.0254,0.0687,-0.0633,1.0051

5.28300,-0.0552,0.0129,0.0152,0.0674,-0.1009,0.9977

5.28900,-0.0827,0.0051,0.0157,0.0625,-0.1053,0.9843

5.29500,-0.0588,0.0124,-0.0143,0.0667,-0.1309,0.9792

5.30000,0.0565,0.0218,-0.0172,0.0645,-0.1419,0.9650

5.30600,0.0882,0.0288,-0.0160,0.0635,-0.0950,0.9758

5.31200,0.0003,0.0213,-0.0023,0.0635,-0.0843,1.0012

5.31800,0.0015,0.0093,0.0758,0.0733,-0.0283,0.9784

5.32300,0.0306,-0.0156,0.2205,0.0804,0.0205,0.9804

5.32900,0.0087,-0.0272,0.3018,0.0809,0.0012,0.9838

5.33500,0.0051,-0.0321,0.2486,0.1620,-0.1263,0.9821

5.34000,0.0811,0.0103,0.1537,0.0994,-0.1942,0.9457

5.34600,0.1993,0.0461,0.0859,0.1016,-0.1705,0.9552

5.35200,0.1869,0.0350,0.0847,0.1446,-0.1033,0.9868

5.35700,0.1134,-0.0079,0.0468,0.0359,-0.1126,0.9811

5.36300,0.0429,0.0145,0.0296,0.0501,-0.0899,0.9963

5.36900,0.0232,0.0111,0.0245,0.1051,-0.0818,1.0056

5.37500,0.0770,0.0047,0.0149,0.0767,-0.0926,0.9694

5.38000,0.0991,0.0073,0.0185,0.0699,-0.0789,0.9762

5.38600,0.0588,0.0440,0.0039,0.0406,-0.0882,0.9941

5.39200,0.0048,-0.0009,0.0039,0.0342,-0.0809,0.9907

5.39700,-0.0032,0.0092,-0.0140,0.0445,-0.0892,0.9846

5.40300,0.0305,0.0165,-0.0173,0.0640,-0.0955,0.9814

5.40900,0.0730,0.0172,-0.0172,0.0625,-0.0836,0.9738

5.41400,0.0985,0.0217,-0.0222,0.0757,-0.0948,0.9704

5.42000,0.1541,0.0153,-0.0652,0.0535,-0.1280,0.9819

5.42600,0.1741,0.0185,-0.0417,0.0498,-0.0691,0.9802

5.43100,0.0602,0.0009,-0.1041,0.0679,-0.1261,0.9902

5.43700,0.0513,0.0123,-0.1593,0.1036,-0.1461,0.9958

5.44300,0.1819,0.0294,-0.0953,0.0413,-0.0408,0.9555

5.44900,0.2009,0.0228,-0.0310,0.0677,-0.0242,0.9792

5.45400,0.0994,0.0159,-0.0580,0.0638,-0.1021,0.9863

5.46000,0.0489,0.0149,-0.0586,0.0611,-0.0865,0.9870

5.46600,0.0386,0.0208,-0.0072,0.0608,-0.0425,0.9824

5.47100,-0.0835,-0.0020,-0.0031,0.0640,-0.0677,0.9992

5.47700,-0.2840,-0.0087,0.0898,0.0655,-0.0203,1.0131

5.48300,-0.1391,-0.0248,0.2995,0.0950,0.0674,0.9882

5.48800,-0.0530,-0.0159,0.3966,0.0843,0.0032,0.9555

5.49400,-0.0167,0.0213,0.3340,0.0601,-0.1305,0.9565

5.50000,-0.0666,0.0181,0.3583,0.0601,-0.1261,0.9841

5.50600,-0.1284,-0.0384,0.4543,0.0743,0.0266,0.9902

5.51100,-0.1073,-0.0465,0.4129,0.0589,-0.1121,0.9860

5.51700,-0.0769,-0.0195,0.3388,0.0183,-0.1730,0.9511

5.52300,-0.0016,0.0354,0.2040,0.0469,-0.2541,0.9736

5.52800,0.1514,0.0397,0.1679,0.0364,-0.1153,0.9526

5.53400,0.1047,0.0362,0.1243,0.0635,-0.1143,0.9780

5.54000,-0.0085,0.0308,0.0794,0.0694,-0.0909,1.0070

5.54500,-0.0755,0.0171,0.0825,0.0467,-0.0647,0.9999

5.55100,-0.0878,0.0163,0.0432,0.0496,-0.1070,0.9882

5.55700,-0.0529,0.0316,0.0091,0.0437,-0.0880,0.9721

5.56300,-0.0564,0.0333,-0.0076,0.0887,-0.0799,0.9899

5.56800,-0.1238,0.0189,-0.0037,0.1158,-0.0486,0.9931

5.57400,-0.2037,-0.0008,-0.0163,0.0540,-0.0867,1.0122

5.58000,-0.1315,0.0145,-0.0192,0.0596,-0.0858,0.9748

5.58500,-0.0522,0.0304,-0.0204,0.0655,-0.0862,0.9719

5.59100,-0.0536,0.0356,-0.0208,0.0611,-0.0875,0.9777

5.59700,-0.1228,0.0233,-0.0201,0.0613,-0.0796,0.9924

5.60200,-0.1911,0.0149,-0.0195,0.0691,-0.0867,0.9826

5.60800,-0.1869,0.0233,-0.0177,0.0687,-0.0948,0.9750

5.61400,-0.1432,0.0278,-0.0203,0.0674,-0.0936,0.9728

5.62000,-0.0759,0.0334,-0.0189,0.0677,-0.0989,0.9611

5.62500,-0.0428,0.0382,-0.0193,0.0662,-0.0980,0.9672

5.63100,-0.0726,0.0338,-0.0160,0.0645,-0.0889,0.9865

5.63700,-0.1178,0.0262,-0.0184,0.0643,-0.0921,0.9850

5.64200,-0.1083,0.0249,-0.0160,0.0537,-0.0928,0.9772

5.64800,-0.0621,0.0277,-0.0185,0.0623,-0.0997,0.9780

5.65400,-0.0019,0.0298,-0.0164,0.0616,-0.0897,0.9706

5.65900,0.0151,0.0301,-0.0163,0.0601,-0.0975,0.9848

5.66500,-0.0048,0.0188,-0.0163,0.0567,-0.0923,0.9894

5.67100,-0.0145,0.0181,-0.0157,0.0542,-0.0916,0.9853

5.67700,0.0061,0.0211,-0.0153,0.0572,-0.0953,0.9826

5.68200,0.0160,0.0250,-0.0188,0.0535,-0.0904,0.9831

5.68800,0.0099,0.0256,-0.0180,0.0572,-0.0943,0.9760

5.69400,-0.0317,0.0229,-0.0188,0.0540,-0.0958,0.9865

5.69900,-0.0604,0.0218,-0.0212,0.0591,-0.0967,0.9745

5.70500,-0.0634,0.0260,-0.0209,0.0596,-0.0985,0.9755

5.71100,-0.0514,0.0364,-0.0203,0.0640,-0.0938,0.9726

5.71700,-0.0480,0.0489,-0.0229,0.0684,-0.0967,0.9709

5.72200,-0.0605,0.0533,-0.0261,0.0733,-0.1021,0.9731

5.72800,-0.0706,0.0469,-0.0280,0.0701,-0.0997,0.9740

5.73400,-0.0717,0.0488,-0.0357,0.0713,-0.0960,0.9833

5.73900,-0.1074,0.0434,-0.0843,0.0657,-0.1234,0.9809

5.74500,-0.1529,0.0674,-0.1516,0.0581,-0.1652,0.9743

5.75100,-0.0857,0.0666,-0.1231,0.0559,-0.0782,0.9694

5.75600,-0.0324,0.0690,-0.0825,0.0750,-0.0721,0.9721

5.76200,-0.0553,0.0683,-0.1094,0.0921,-0.1163,0.9802

5.76800,-0.1014,0.0667,-0.1283,0.1219,-0.1060,1.0014

5.77400,-0.1681,0.1123,-0.1312,0.0498,-0.1004,0.9767

5.77900,-0.1992,0.1495,-0.2237,0.3010,-0.1715,1.0183

5.78500,-0.0329,0.0974,-0.1406,-0.0237,-0.0672,0.9513

5.79100,0.0017,0.0604,0.0076,0.0330,0.0535,0.9912

5.79600,-0.2386,0.0016,-0.0028,0.0435,-0.0965,1.0388

5.80200,-0.2090,-0.0149,0.0264,0.0567,-0.0870,0.9936

5.80800,-0.0075,0.0121,0.0574,0.0589,-0.0987,0.9438

5.81300,0.1753,0.0386,0.0977,0.0555,-0.0889,0.9535

5.81900,0.1661,0.0285,0.1486,0.0469,-0.0794,0.9833

5.82500,0.0444,0.0096,0.2074,0.0501,-0.0611,1.0085

5.83000,-0.0244,-0.0538,0.2705,0.0420,-0.0459,1.0114

5.83600,-0.0332,-0.0557,0.1512,0.0279,-0.1932,0.9716

5.84200,0.1912,0.0200,0.0446,0.0396,-0.2375,0.9027

5.84800,0.3256,0.0533,0.0288,0.0921,-0.1329,0.9521

5.85300,0.1247,0.0330,0.0209,0.0699,-0.0789,1.0153

5.85900,-0.0554,-0.0091,0.0032,0.0743,-0.0735,1.0183

5.86500,-0.1336,-0.0112,-0.0113,0.0591,-0.0875,0.9953

5.87000,-0.0793,0.0061,-0.0140,0.0467,-0.1070,0.9670

5.87600,0.0252,0.0308,-0.0116,0.0454,-0.1016,0.9616

5.88200,0.0600,0.0329,-0.0160,0.0515,-0.1073,0.9738

5.88700,0.0286,0.0244,-0.0121,0.0476,-0.0972,0.9916

5.89300,0.0069,0.0163,-0.0145,0.0508,-0.0999,0.9836

5.89900,0.0401,0.0205,-0.0167,0.0525,-0.1002,0.9789

5.90500,0.0715,0.0324,-0.0099,0.0332,-0.1153,0.9797

5.91000,0.0156,0.0544,-0.1163,0.1695,-0.2121,1.0202

5.91600,0.0474,0.0380,-0.0662,0.1283,-0.0865,0.9535

5.92200,-0.0244,0.0049,-0.0053,0.0735,-0.0364,0.9897

5.92700,-0.1021,0.0019,-0.0085,0.0450,-0.1055,0.9943

5.93300,-0.0430,0.0092,-0.0113,0.0696,-0.1107,0.9631

5.93900,0.0289,0.0236,-0.0085,0.0801,-0.1036,0.9587

5.94400,0.0183,0.0242,-0.0128,0.0706,-0.0960,0.9721

5.95000,-0.0213,0.0196,-0.0137,0.0584,-0.0953,0.9821

5.95600,-0.0326,0.0188,-0.0157,0.0647,-0.0963,0.9828

5.96200,-0.0197,0.0244,-0.0167,0.0655,-0.1014,0.9836

5.96700,-0.0129,0.0285,-0.0172,0.0633,-0.1026,0.9782

5.97300,-0.0324,0.0262,-0.0152,0.0596,-0.0999,0.9848

5.97900,-0.0589,0.0276,-0.0149,0.0596,-0.0985,0.9838

5.98400,-0.0701,0.0341,-0.0077,0.0589,-0.0904,0.9733

5.99000,-0.0770,0.0232,0.0055,0.0616,-0.0892,0.9799

5.99600,-0.1134,0.0224,0.0041,0.0616,-0.0985,0.9858

6.00100,-0.0433,0.0101,0.0581,0.0596,-0.0718,0.9824

6.00700,0.0176,0.0260,0.0810,0.0581,-0.0782,0.9662

6.01300,-0.0032,0.0266,0.0566,0.0557,-0.1163,0.9819

6.01900,0.0136,0.0273,0.0237,0.1087,-0.1378,0.9890

6.02400,0.1496,0.0416,0.0123,0.0892,-0.1082,0.9811

6.03000,0.1503,0.0686,-0.0169,0.0359,-0.1292,0.9846

6.03600,-0.0059,0.0272,-0.0081,0.0462,-0.0708,1.0085

6.04100,-0.1600,-0.0036,-0.0161,0.0403,-0.0865,1.0107

6.04700,-0.1162,0.0060,-0.0129,0.0518,-0.1026,0.9748

6.05300,0.0013,0.0199,-0.0159,0.0484,-0.1131,0.9631

6.05800,0.0529,0.0203,-0.0117,0.0467,-0.1087,0.9621

6.06400,0.0076,0.0141,-0.0123,0.0501,-0.0958,0.9833

6.07000,-0.0270,0.0085,-0.0129,0.0484,-0.0972,0.9855

6.07600,-0.0065,0.0087,-0.0128,0.0533,-0.1063,0.9748

6.08100,0.0264,0.0168,-0.0125,0.0547,-0.1094,0.9682

6.08700,0.0192,0.0212,-0.0144,0.0533,-0.1080,0.9755

6.09300,-0.0217,0.0161,-0.0143,0.0559,-0.1019,0.9863

6.09800,-0.0482,0.0147,-0.0127,0.0630,-0.0965,0.9740

6.10400,-0.0498,0.0107,0.0105,0.0557,-0.0943,0.9797

6.11000,-0.0346,0.0048,0.0212,0.0584,-0.0943,0.9789

6.11500,-0.0069,0.0163,0.0309,0.0606,-0.1082,0.9682

6.12100,0.0246,0.0087,0.0574,0.0655,-0.0877,0.9726

6.12700,0.0613,0.0396,-0.0123,0.0425,-0.1717,0.9596

6.13300,0.0596,0.0268,-0.0120,0.0459,-0.1058,0.9687

6.13800,-0.0372,0.0097,-0.0123,0.0577,-0.0955,0.9933

6.14400,-0.0526,0.0060,-0.0135,0.0652,-0.0982,0.9784

6.15000,0.0128,0.0137,-0.0136,0.0586,-0.1031,0.9711

6.15500,0.0628,0.0192,-0.0173,0.0638,-0.1011,0.9611

6.16100,0.0489,0.0201,-0.0156,0.0555,-0.0972,0.9772

6.16700,0.0309,0.0137,-0.0145,0.0542,-0.0953,0.9848

6.17200,0.0446,0.0124,-0.0173,0.0574,-0.1048,0.9731

6.17800,0.0630,0.0163,-0.0300,0.0608,-0.1138,0.9762

6.18400,0.0385,0.0289,-0.0486,0.0572,-0.1178,0.9733

6.19000,-0.0033,0.0207,-0.0472,0.0535,-0.0994,0.9848

6.19500,-0.0401,0.0145,-0.0586,0.0540,-0.1134,0.9809

6.20100,-0.0149,0.0192,-0.0517,0.0572,-0.1070,0.9848

6.20700,0.0448,0.0188,-0.0159,0.0574,-0.0630,0.9740

6.21200,0.0316,0.0147,-0.0168,0.0545,-0.0970,0.9762

6.21800,-0.0001,0.0159,-0.0167,0.0547,-0.0953,0.9860

6.22400,-0.0128,0.0125,-0.0109,0.0557,-0.0994,0.9794

6.22900,-0.0064,0.0105,-0.0131,0.0535,-0.1007,0.9819

6.23500,0.0020,0.0160,-0.0140,0.0513,-0.1036,0.9848

6.24100,0.0083,0.0155,-0.0117,0.0491,-0.1094,0.9714

6.24700,0.0059,0.0149,-0.0153,0.0545,-0.0965,0.9775

6.25200,-0.0001,0.0151,-0.0139,0.0515,-0.1048,0.9738

6.25800,-0.0017,0.0139,-0.0148,0.0518,-0.0975,0.9811

6.26400,-0.0017,0.0145,-0.0147,0.0503,-0.1046,0.9863

6.26900,0.0084,0.0137,-0.0125,0.0601,-0.1063,0.9750

6.27500,0.0156,0.0111,-0.0149,0.0574,-0.1058,0.9843

6.28100,0.0217,0.0159,-0.0113,0.0559,-0.1011,0.9838

6.28600,0.0191,0.0123,-0.0141,0.0611,-0.1024,0.9799

6.29200,0.0112,0.0111,-0.0135,0.0564,-0.0943,0.9826

6.29800,0.0097,0.0113,-0.0135,0.0559,-0.1038,0.9706

6.30400,0.0076,0.0111,-0.0121,0.0469,-0.0977,0.9826

6.30900,0.0092,0.0143,-0.0115,0.0572,-0.0994,0.9809

6.31500,0.0053,0.0173,-0.0132,0.0564,-0.1009,0.9841

6.32100,0.0028,0.0151,-0.0171,0.0601,-0.0987,0.9838

6.32600,-0.0008,0.0148,-0.0153,0.0603,-0.0975,0.9838

6.33200,-0.0020,0.0168,-0.0172,0.0564,-0.1004,0.9772

6.33800,-0.0124,0.0157,-0.0172,0.0574,-0.0948,0.9748

6.34300,-0.0091,0.0124,-0.0148,0.0672,-0.1007,0.9758

6.34900,-0.0053,0.0165,-0.0143,0.0667,-0.0980,0.9728

6.35500,-0.0013,0.0179,-0.0143,0.0567,-0.1033,0.9748

6.36100,0.0041,0.0145,-0.0152,0.0611,-0.1041,0.9819

6.36600,0.0021,0.0159,-0.0156,0.0513,-0.0987,0.9846

6.37200,-0.0019,0.0149,-0.0148,0.0572,-0.1036,0.9775

6.37800,-0.0023,0.0176,-0.0163,0.0506,-0.0987,0.9819

6.38300,-0.0145,0.0167,-0.0137,0.0518,-0.1021,0.9853

6.38900,-0.0254,0.0157,-0.0129,0.0596,-0.1043,0.9811

6.39500,-0.0293,0.0148,-0.0096,0.0496,-0.1011,0.9789

6.40000,-0.0301,0.0076,-0.0059,0.0484,-0.0911,0.9755

6.40600,-0.0338,0.0097,0.0192,0.0643,-0.0963,0.9797

6.41200,-0.0521,0.0011,0.0249,0.0476,-0.0858,0.9899

6.41800,0.1532,0.1234,-0.0405,0.2177,-0.1121,0.9904

6.42300,0.2102,0.0573,-0.0149,0.0305,-0.1324,0.9486

6.42900,-0.0805,0.0099,-0.0132,0.0493,-0.0858,1.0373

6.43500,-0.1965,-0.0105,-0.0119,0.0430,-0.0884,1.0053

6.44000,-0.0506,0.0012,-0.0124,0.0574,-0.1070,0.9547

6.44600,0.0829,0.0284,-0.0156,0.0530,-0.1121,0.9457

6.45200,0.0620,0.0236,-0.0157,0.0545,-0.0963,0.9780

6.45700,-0.0317,0.0135,-0.0153,0.0557,-0.0950,0.9995

6.46300,-0.0554,-0.0008,-0.0119,0.0523,-0.0989,0.9894

6.46900,-0.0465,0.0171,0.0598,0.0594,-0.1019,0.9843

6.47500,0.3567,0.0386,-0.0314,-0.2265,-0.2450,0.7508

6.48000,0.3188,0.0945,-0.0418,0.0738,-0.1268,1.0197

6.48600,0.0237,0.0167,-0.0241,0.0589,-0.0730,1.0327

6.49200,-0.1663,-0.0164,-0.0168,0.0491,-0.0618,1.0195

6.49700,-0.1203,-0.0105,-0.0187,0.0393,-0.0967,0.9745

6.50300,0.0380,0.0153,-0.0253,0.0630,-0.1185,0.9547

6.50900,0.1382,0.0392,-0.0226,0.0537,-0.0992,0.9665

6.51500,0.0517,0.0197,-0.0128,0.0572,-0.0743,0.9933

6.52000,-0.0719,0.0044,-0.0191,0.0596,-0.0901,1.0024

6.52600,-0.0473,0.0040,-0.0147,0.0545,-0.0945,0.9748

6.53200,0.0360,0.0172,-0.0180,0.0567,-0.1002,0.9657

6.53700,0.0564,0.0193,-0.0139,0.0584,-0.1007,0.9731

6.54300,0.0103,0.0159,-0.0116,0.0586,-0.0877,0.9880

6.54900,-0.0093,0.0081,-0.0152,0.0491,-0.0950,0.9904

6.55400,0.0148,0.0121,-0.0163,0.0555,-0.0936,0.9699

6.56000,0.0298,0.0155,-0.0175,0.0567,-0.1004,0.9719

6.56600,0.0285,0.0141,-0.0136,0.0523,-0.0953,0.9723

6.57200,0.0151,0.0103,-0.0167,0.0525,-0.0948,0.9821

6.57700,0.0065,0.0073,-0.0240,0.0503,-0.0943,0.9755

6.58300,0.0089,0.0088,-0.0262,0.0518,-0.1053,0.9858

6.58900,0.0216,0.0116,-0.0244,0.0542,-0.0923,0.9711

6.59400,-0.0081,0.0140,-0.0332,0.0513,-0.1077,0.9806

6.60000,-0.0426,0.0101,-0.0320,0.0537,-0.0960,0.9789

6.60600,-0.0304,0.0051,-0.0241,0.0552,-0.0970,0.9743

6.61100,0.0057,0.0064,-0.0264,0.0447,-0.1004,0.9714

6.61700,0.0364,0.0148,-0.0188,0.0572,-0.0899,0.9628

6.62300,0.0266,0.0176,-0.0149,0.0486,-0.0953,0.9733

6.62900,0.0016,0.0141,-0.0180,0.0515,-0.1041,0.9799

6.63400,-0.0056,0.0117,-0.0156,0.0476,-0.0982,0.9772

6.64000,0.0071,0.0096,-0.0175,0.0567,-0.0972,0.9728

6.64600,0.0228,0.0135,-0.0165,0.0535,-0.1063,0.9762

6.65100,0.0221,0.0149,-0.0179,0.0591,-0.0965,0.9760

6.65700,0.0148,0.0088,-0.0209,0.0547,-0.0985,0.9880

6.66300,-0.0004,0.0127,-0.0270,0.0567,-0.1014,0.9819

6.66800,-0.0013,0.0160,-0.0338,0.0520,-0.0941,0.9838

6.67400,0.0008,0.0132,-0.0324,0.0589,-0.0967,0.9836

6.68000,0.0024,0.0160,-0.0304,0.0643,-0.0911,0.9714

6.68600,0.0072,0.0168,-0.0270,0.0552,-0.0909,0.9745

6.69100,0.0076,0.0163,-0.0159,0.0542,-0.0892,0.9819

6.69700,0.0008,0.0131,-0.0143,0.0601,-0.0970,0.9875

6.70300,-0.0012,0.0161,-0.0167,0.0599,-0.0914,0.9816

6.70800,0.0016,0.0129,-0.0157,0.0559,-0.0958,0.9872

6.71400,0.0031,0.0147,-0.0165,0.0579,-0.1021,0.9799

6.72000,0.0021,0.0145,-0.0157,0.0530,-0.0963,0.9819

6.72500,0.0009,0.0148,-0.0149,0.0567,-0.0960,0.9809

6.73100,-0.0036,0.0120,-0.0155,0.0591,-0.0997,0.9821

6.73700,0.0009,0.0137,-0.0151,0.0569,-0.0997,0.9885

6.74300,0.0097,0.0161,-0.0163,0.0489,-0.0965,0.9787

6.74800,0.0172,0.0163,-0.0161,0.0540,-0.0916,0.9762

6.75400,0.0128,0.0175,-0.0330,0.0525,-0.1016,0.9721

6.76000,-0.0079,0.0238,-0.0699,0.0542,-0.1287,0.9777

6.76500,-0.0168,0.0252,-0.0746,0.0550,-0.0999,0.9780

6.77100,-0.0131,0.0203,-0.0500,0.0591,-0.0711,0.9828

6.77700,0.0015,0.0137,-0.0252,0.0579,-0.0679,0.9689

6.78200,0.0029,0.0155,-0.0155,0.0569,-0.0982,0.9740

6.78800,0.0085,0.0141,-0.0167,0.0537,-0.1043,0.9816

6.79400,-0.0019,0.0160,-0.0168,0.0513,-0.0948,0.9850

6.80000,-0.0057,0.0147,-0.0145,0.0513,-0.0943,0.9770

6.80500,0.0019,0.0151,-0.0155,0.0489,-0.1007,0.9784

6.81100,0.0092,0.0152,-0.0139,0.0481,-0.0975,0.9777

6.81700,0.0047,0.0135,-0.0140,0.0486,-0.1014,0.9687

6.82200,0.0008,0.0107,-0.0157,0.0550,-0.0997,0.9828

6.82800,-0.0033,0.0157,-0.0155,0.0550,-0.1021,0.9824

6.83400,-0.0053,0.0169,-0.0165,0.0567,-0.0933,0.9726

6.83900,-0.0097,0.0140,-0.0157,0.0559,-0.0945,0.9863

6.84500,-0.0084,0.0137,-0.0155,0.0528,-0.0958,0.9787

6.85100,-0.0125,0.0164,-0.0165,0.0584,-0.0977,0.9799

6.85700,-0.0125,0.0192,-0.0135,0.0572,-0.0938,0.9794

6.86200,-0.0112,0.0197,-0.0177,0.0528,-0.0931,0.9794

6.86800,-0.0068,0.0171,-0.0148,0.0574,-0.0948,0.9836

6.87400,-0.0069,0.0185,-0.0157,0.0594,-0.1007,0.9745

6.87900,0.0028,0.0197,-0.0199,0.0591,-0.1033,0.9782

6.88500,0.0052,0.0200,-0.0148,0.0569,-0.0909,0.9716

6.89100,0.0088,0.0217,-0.0188,0.0611,-0.0926,0.9748

6.89600,0.0288,0.0205,-0.0305,0.0599,-0.0941,0.9743

6.90200,0.0207,0.0297,-0.0758,0.0530,-0.1270,0.9760

6.90800,0.0156,0.0285,-0.0937,0.0572,-0.1204,0.9714

6.91400,-0.0286,0.0213,-0.0991,0.0559,-0.1048,0.9846

6.91900,-0.0544,0.0103,-0.0722,0.0486,-0.0711,0.9814

6.92500,-0.0306,0.0105,-0.0408,0.0530,-0.0708,0.9880

6.93100,0.0065,0.0091,-0.0203,0.0567,-0.0782,0.9784

6.93600,0.0356,0.0132,-0.0341,0.0528,-0.1126,0.9777

6.94200,0.0229,0.0187,-0.0537,0.0472,-0.1160,0.9777

6.94800,0.0055,0.0137,-0.0562,0.0591,-0.1007,0.9816

6.95300,-0.0025,0.0079,-0.0462,0.0555,-0.0858,0.9887

6.95900,0.0041,0.0067,-0.0464,0.0530,-0.0963,0.9784

6.96500,0.0193,0.0124,-0.0512,0.0469,-0.1002,0.9745

6.97100,0.0305,0.0151,-0.0541,0.0476,-0.0989,0.9772

6.97600,0.0369,0.0136,-0.0565,0.0508,-0.0972,0.9794

6.98200,0.0072,0.0204,-0.0815,0.0513,-0.1222,0.9726

6.98800,0.0141,0.0270,-0.0731,0.0474,-0.0994,0.9787

6.99300,-0.0179,0.0205,-0.0426,0.0542,-0.0689,0.9843

6.99900,-0.0200,0.0119,-0.0218,0.0577,-0.0811,0.9809

7.00500,-0.0242,0.0121,-0.0199,0.0586,-0.0860,0.9804

7.01000,-0.0290,0.0191,-0.0250,0.0633,-0.0997,0.9740

7.01600,-0.0153,0.0164,-0.0246,0.0589,-0.0992,0.9733

7.02200,-0.0155,0.0205,-0.0396,0.0606,-0.1033,0.9777

7.02800,-0.0233,0.0268,-0.0630,0.0520,-0.1202,0.9745

7.03300,-0.0290,0.0328,-0.0742,0.0535,-0.1148,0.9799

7.03900,-0.0208,0.0309,-0.0557,0.0594,-0.0767,0.9748

7.04500,-0.0277,0.0293,-0.0536,0.0486,-0.0982,0.9819

7.05000,-0.0388,0.0304,-0.0641,0.0501,-0.1063,0.9772

7.05600,-0.0405,0.0362,-0.0854,0.0611,-0.1158,0.9806

7.06200,-0.0460,0.0341,-0.0994,0.0537,-0.1153,0.9780

7.06700,-0.0268,0.0213,-0.1119,0.0542,-0.0928,0.9733

7.07300,-0.0060,0.0474,-0.1303,0.0533,-0.1182,0.9770

7.07900,-0.0274,0.0418,-0.1380,0.0572,-0.1075,0.9826

7.08500,-0.0382,0.0350,-0.1123,0.0567,-0.0782,0.9863

7.09000,-0.0382,0.0272,-0.0931,0.0562,-0.0679,0.9809

7.09600,-0.0357,0.0249,-0.0887,0.0550,-0.0831,0.9794

7.10200,-0.0213,0.0296,-0.0902,0.0547,-0.0958,0.9748

7.10700,-0.0242,0.0284,-0.0843,0.0557,-0.0999,0.9787

7.11300,-0.0065,0.0187,-0.0574,0.0562,-0.0728,0.9792

7.11900,0.0025,0.0153,-0.0308,0.0515,-0.0733,0.9838

7.12400,0.0000,0.0097,-0.0117,0.0550,-0.0862,0.9821

7.13000,-0.0044,0.0104,-0.0133,0.0508,-0.1009,0.9787

7.13600,0.0048,0.0093,-0.0135,0.0577,-0.0963,0.9787

7.14200,0.0143,0.0107,-0.0120,0.0550,-0.0919,0.9833

7.14700,0.0180,0.0111,-0.0148,0.0515,-0.1016,0.9780

7.15300,0.0061,0.0093,-0.0131,0.0476,-0.0992,0.9780

7.15900,0.0031,0.0088,-0.0124,0.0520,-0.0955,0.9880

7.16400,0.0072,0.0091,-0.0147,0.0508,-0.0999,0.9765

7.17000,0.0163,0.0116,-0.0145,0.0442,-0.0921,0.9704

7.17600,0.0144,0.0103,-0.0141,0.0513,-0.0989,0.9762

7.18100,0.0200,0.0141,-0.0160,0.0533,-0.0994,0.9728

7.18700,0.0181,0.0129,-0.0156,0.0484,-0.1002,0.9789

7.19300,0.0103,0.0105,-0.0141,0.0493,-0.1021,0.9850

7.19900,0.0036,0.0155,-0.0147,0.0581,-0.0921,0.9755

7.20400,-0.0007,0.0109,-0.0131,0.0618,-0.0989,0.9787

7.21000,0.0036,0.0140,-0.0140,0.0594,-0.0972,0.9662

7.21600,0.0064,0.0128,-0.0136,0.0633,-0.0943,0.9753

7.22100,0.0036,0.0167,-0.0169,0.0589,-0.1024,0.9787

7.22700,-0.0016,0.0184,-0.0149,0.0594,-0.0955,0.9833

7.23300,-0.0057,0.0196,-0.0179,0.0523,-0.1046,0.9765

7.23800,-0.0129,0.0215,-0.0270,0.0523,-0.0972,0.9814

7.24400,-0.0137,0.0209,-0.0270,0.0557,-0.0953,0.9806

7.25000,-0.0084,0.0127,-0.0236,0.0601,-0.0901,0.9841

7.25600,0.0125,0.0147,-0.0220,0.0567,-0.0987,0.9802

7.26100,0.0217,0.0139,-0.0169,0.0547,-0.0985,0.9824

7.26700,0.0159,0.0085,-0.0175,0.0545,-0.0906,0.9794

7.27300,0.0039,0.0111,-0.0218,0.0584,-0.1046,0.9882

7.27800,-0.0059,0.0193,-0.0230,0.0562,-0.1024,0.9809

7.28400,-0.0061,0.0147,-0.0133,0.0542,-0.0848,0.9755

7.29000,-0.0155,0.0119,-0.0140,0.0579,-0.0960,0.9797
